0.014347,1.2599,0.23346,3.3699,0,285.45
0.01506,1.2599,0.23346,3.3699,0.0099924,285.45
0.015756,1.2599,0.23347,3.3699,0.019985,285.45
0.016439,1.2599,0.23347,3.3699,0.029977,285.45
0.017108,1.2599,0.23348,3.3699,0.039969,285.45
0.020282,1.26,0.23356,3.3699,0.089931,285.45
0.023225,1.26,0.23369,3.3699,0.13989,285.45
0.02599,1.2601,0.23386,3.3699,0.18985,285.45
0.028614,1.2602,0.23406,3.3699,0.23982,285.45
0.034644,1.2604,0.23465,3.3699,0.36354,285.45
0.040164,1.2606,0.23535,3.3699,0.48726,285.45
0.045307,1.2609,0.23613,3.3699,0.61098,285.45
0.050159,1.2612,0.23696,3.3699,0.73471,285.45
0.060088,1.2619,0.23896,3.3698,1.0086,285.45
0.069144,1.2626,0.24111,3.3698,1.2825,285.45
0.077528,1.2633,0.24336,3.3698,1.5564,285.45
0.085369,1.2641,0.24569,3.3698,1.8303,285.45
0.10246,1.2661,0.25154,3.3698,2.4906,285.45
0.11746,1.2681,0.2576,3.3698,3.1509,285.45
0.13077,1.2703,0.2638,3.3699,3.8112,285.45
0.14264,1.2726,0.27008,3.37,4.4715,285.45
0.16717,1.2787,0.28611,3.3703,6.132,285.45
0.18524,1.2853,0.30229,3.3708,7.7924,285.45
0.19795,1.2923,0.31851,3.3714,9.4528,285.45
0.20617,1.2998,0.33469,3.3722,11.113,285.45
0.21095,1.3091,0.35359,3.3734,13.065,285.45
0.21113,1.319,0.37234,3.3749,15.016,285.45
0.20736,1.3295,0.39092,3.3765,16.968,285.45
0.20028,1.3404,0.40929,3.3784,18.919,285.45
0.18886,1.3537,0.43009,3.3809,21.161,285.45
0.17449,1.3675,0.45055,3.3838,23.403,285.45
0.15785,1.3819,0.4706,3.3869,25.644,285.45
0.13986,1.3967,0.49015,3.3904,27.886,285.45
0.12206,1.4115,0.50845,3.3941,30.057,285.45
0.10463,1.4266,0.52601,3.3981,32.228,285.45
0.088422,1.4418,0.54267,3.4023,34.399,285.45
0.074438,1.4571,0.55821,3.4069,36.57,285.45
0.071454,1.4608,0.56183,3.4081,37.103,285.45
0.068647,1.4645,0.56538,3.4092,37.636,285.45
0.06602,1.4682,0.56885,3.4104,38.169,285.45
0.063572,1.4719,0.57223,3.4116,38.702,285.45
0.061297,1.4756,0.57554,3.4128,39.235,285.45
0.059193,1.4793,0.57878,3.4141,39.768,285.45
0.057253,1.483,0.58194,3.4153,40.302,285.45
0.055468,1.4866,0.58502,3.4166,40.835,285.45
0.053428,1.4912,0.58877,3.4182,41.5,285.45
0.051594,1.4957,0.59241,3.4198,42.166,285.45
0.049952,1.5003,0.59595,3.4215,42.832,285.45
0.048468,1.5048,0.59938,3.4232,43.497,285.45
0.047101,1.5093,0.60273,3.4248,44.163,285.45
0.045856,1.5138,0.60599,3.4266,44.828,285.45
0.04473,1.5182,0.60915,3.4283,45.494,285.45
0.04369,1.5227,0.61223,3.43,46.16,285.45
0.042686,1.5272,0.61529,3.4319,46.836,285.45
0.041754,1.5317,0.61826,3.4337,47.512,285.45
0.040901,1.5362,0.62116,3.4355,48.188,285.45
0.040096,1.5407,0.62397,3.4374,48.865,285.45
0.039315,1.5451,0.62671,3.4393,49.537,285.45
0.038581,1.5495,0.62937,3.4412,50.209,285.45
0.037903,1.5539,0.63196,3.4431,50.882,285.45
0.037254,1.5583,0.63448,3.445,51.554,285.45
0.036611,1.5627,0.63693,3.447,52.225,285.45
0.036004,1.5671,0.63932,3.4489,52.896,285.45
0.035445,1.5714,0.64163,3.4509,53.566,285.45
0.034905,1.5758,0.64389,3.4529,54.237,285.45
0.034373,1.58,0.64603,3.4549,54.89,285.45
0.03387,1.5842,0.64811,3.4569,55.543,285.45
0.033408,1.5883,0.65013,3.4589,56.197,285.45
0.03296,1.5925,0.6521,3.4609,56.85,285.45
0.032518,1.5965,0.65393,3.4629,57.476,285.45
0.032099,1.6005,0.65572,3.4648,58.102,285.45
0.031718,1.6044,0.65745,3.4668,58.729,285.45
0.031345,1.6084,0.65913,3.4688,59.355,285.45
0.030972,1.6121,0.66069,3.4707,59.953,285.45
0.03062,1.6159,0.66221,3.4727,60.551,285.45
0.0303,1.6196,0.66369,3.4746,61.149,285.45
0.029986,1.6233,0.66512,3.4766,61.748,285.45
0.029668,1.6269,0.66645,3.4785,62.32,285.45
0.029368,1.6304,0.66775,3.4804,62.892,285.45
0.029096,1.6339,0.669,3.4823,63.465,285.45
0.028828,1.6374,0.67022,3.4842,64.037,285.45
0.028552,1.6408,0.67136,3.4861,64.587,285.45
0.028292,1.6441,0.67246,3.4879,65.136,285.45
0.028058,1.6475,0.67353,3.4898,65.686,285.45
0.027826,1.6508,0.67456,3.4917,66.235,285.45
0.027584,1.654,0.67553,3.4935,66.764,285.45
0.027357,1.6572,0.67647,3.4954,67.292,285.45
0.027154,1.6603,0.67738,3.4972,67.821,285.45
0.026952,1.6635,0.67825,3.4991,68.349,285.45
0.026738,1.6665,0.67907,3.5008,68.858,285.45
0.026537,1.6695,0.67987,3.5026,69.366,285.45
0.026359,1.6725,0.68063,3.5045,69.875,285.45
0.026182,1.6755,0.68137,3.5063,70.383,285.45
0.025991,1.6784,0.68206,3.508,70.874,285.45
0.025812,1.6813,0.68273,3.5098,71.364,285.45
0.025655,1.6841,0.68337,3.5116,71.855,285.45
0.025498,1.687,0.68398,3.5134,72.345,285.45
0.025326,1.6897,0.68456,3.5151,72.819,285.45
0.025166,1.6925,0.68512,3.5168,73.293,285.45
0.025027,1.6952,0.68565,3.5186,73.767,285.45
0.024886,1.6979,0.68616,3.5203,74.241,285.45
0.024731,1.7005,0.68664,3.522,74.7,285.45
0.024586,1.7031,0.6871,3.5237,75.159,285.45
0.024461,1.7057,0.68754,3.5254,75.618,285.45
0.024335,1.7083,0.68796,3.5272,76.077,285.45
0.024193,1.7109,0.68836,3.5288,76.523,285.45
0.024062,1.7134,0.68873,3.5305,76.968,285.45
0.023949,1.7159,0.68908,3.5322,77.414,285.45
0.023835,1.7183,0.68942,3.5339,77.859,285.45
0.023706,1.7208,0.68974,3.5356,78.292,285.45
0.023586,1.7232,0.69004,3.5372,78.725,285.45
0.023484,1.7255,0.69032,3.5389,79.159,285.45
0.02338,1.7279,0.69058,3.5405,79.592,285.45
0.023261,1.7302,0.69083,3.5422,80.013,285.45
0.023151,1.7326,0.69106,3.5438,80.434,285.45
0.023058,1.7349,0.69127,3.5454,80.856,285.45
0.022964,1.7371,0.69147,3.5471,81.277,285.45
0.022853,1.7394,0.69166,3.5487,81.688,285.45
0.022752,1.7416,0.69183,3.5503,82.098,285.45
0.022668,1.7438,0.69198,3.5519,82.509,285.45
0.022581,1.746,0.69213,3.5535,82.92,285.45
0.022479,1.7481,0.69226,3.5551,83.321,285.45
0.022385,1.7503,0.69237,3.5567,83.722,285.45
0.022307,1.7524,0.69247,3.5583,84.123,285.45
0.022228,1.7545,0.69256,3.5599,84.524,285.45
0.022132,1.7566,0.69264,3.5614,84.916,285.45
0.022046,1.7587,0.69271,3.563,85.308,285.45
0.021974,1.7607,0.69276,3.5646,85.7,285.45
0.021901,1.7628,0.6928,3.5661,86.092,285.45
0.021811,1.7648,0.69283,3.5677,86.475,285.45
0.02173,1.7668,0.69286,3.5692,86.859,285.45
0.021665,1.7687,0.69287,3.5708,87.243,285.45
0.021597,1.7707,0.69286,3.5724,87.626,285.45
0.021513,1.7727,0.69286,3.5739,88.002,285.45
0.021437,1.7746,0.69284,3.5754,88.378,285.45
0.021377,1.7765,0.69281,3.5769,88.754,285.45
0.021313,1.7784,0.69277,3.5785,89.129,285.45
0.021235,1.7803,0.69272,3.58,89.498,285.45
0.021164,1.7822,0.69266,3.5815,89.866,285.45
0.021108,1.784,0.6926,3.583,90.235,285.45
0.021049,1.7859,0.69252,3.5845,90.603,285.45
0.020975,1.7877,0.69244,3.586,90.965,285.45
0.020908,1.7895,0.69235,3.5875,91.326,285.45
0.020856,1.7913,0.69225,3.589,91.688,285.45
0.020801,1.7931,0.69214,3.5905,92.049,285.45
0.020731,1.7948,0.69203,3.592,92.405,285.45
0.020669,1.7966,0.69191,3.5935,92.76,285.45
0.02062,1.7983,0.69178,3.595,93.116,285.45
0.020569,1.8001,0.69164,3.5965,93.471,285.45
0.020502,1.8018,0.6915,3.598,93.82,285.45
0.020443,1.8035,0.69135,3.5994,94.17,285.45
0.020398,1.8052,0.69119,3.6009,94.519,285.45
0.02035,1.8069,0.69102,3.6024,94.869,285.45
0.020287,1.8085,0.69085,3.6038,95.213,285.45
0.020231,1.8102,0.69068,3.6053,95.556,285.45
0.020188,1.8118,0.69049,3.6067,95.9,285.45
0.020143,1.8135,0.6903,3.6082,96.244,285.45
0.020084,1.8151,0.69011,3.6096,96.582,285.45
0.020031,1.8167,0.68991,3.6111,96.921,285.45
0.019991,1.8183,0.6897,3.6125,97.259,285.45
0.019949,1.8199,0.68948,3.614,97.598,285.45
0.019892,1.8214,0.68927,3.6154,97.931,285.45
0.019842,1.823,0.68904,3.6168,98.265,285.45
0.019804,1.8245,0.68881,3.6183,98.598,285.45
0.019765,1.8261,0.68857,3.6197,98.932,285.45
0.01971,1.8276,0.68834,3.6211,99.261,285.45
0.019663,1.8291,0.68809,3.6226,99.589,285.45
0.019628,1.8307,0.68784,3.624,99.918,285.45
0.01959,1.8322,0.68758,3.6254,100.25,285.45
0.019538,1.8336,0.68732,3.6268,100.57,285.45
0.019493,1.8351,0.68706,3.6282,100.9,285.45
0.01946,1.8366,0.68679,3.6296,101.22,285.45
0.019425,1.8381,0.68651,3.631,101.55,285.45
0.019375,1.8395,0.68624,3.6324,101.87,285.45
0.019332,1.841,0.68595,3.6338,102.19,285.45
0.019301,1.8424,0.68567,3.6352,102.51,285.45
0.019268,1.8438,0.68537,3.6367,102.83,285.45
0.01922,1.8452,0.68508,3.638,103.14,285.45
0.019179,1.8466,0.68478,3.6394,103.46,285.45
0.01915,1.848,0.68447,3.6408,103.78,285.45
0.019118,1.8494,0.68416,3.6422,104.09,285.45
0.019073,1.8508,0.68385,3.6436,104.4,285.45
0.019033,1.8522,0.68354,3.645,104.72,285.45
0.019006,1.8536,0.68322,3.6464,105.03,285.45
0.018976,1.8549,0.68289,3.6477,105.34,285.45
0.018932,1.8563,0.68257,3.6491,105.65,285.45
0.018894,1.8576,0.68224,3.6505,105.96,285.45
0.018869,1.8589,0.6819,3.6519,106.27,285.45
0.018841,1.8603,0.68156,3.6532,106.58,285.45
0.018798,1.8616,0.68122,3.6546,106.88,285.45
0.018762,1.8629,0.68088,3.656,107.19,285.45
0.018738,1.8642,0.68053,3.6573,107.5,285.45
0.018711,1.8655,0.68017,3.6587,107.8,285.45
0.018671,1.8668,0.67982,3.6601,108.1,285.45
0.018636,1.868,0.67947,3.6614,108.41,285.45
0.018613,1.8693,0.6791,3.6628,108.71,285.45
0.018588,1.8706,0.67874,3.6641,109.01,285.45
0.018549,1.8718,0.67837,3.6655,109.31,285.45
0.018515,1.8731,0.678,3.6668,109.61,285.45
0.018494,1.8743,0.67763,3.6682,109.91,285.45
0.01847,1.8755,0.67725,3.6695,110.21,285.45
0.018432,1.8768,0.67688,3.6709,110.51,285.45
0.0184,1.878,0.6765,3.6722,110.8,285.45
0.01838,1.8792,0.67611,3.6735,111.1,285.45
0.018357,1.8804,0.67572,3.6749,111.39,285.45
0.018321,1.8816,0.67533,3.6762,111.69,285.45
0.01829,1.8828,0.67494,3.6776,111.98,285.45
0.018271,1.884,0.67455,3.6789,112.28,285.45
0.018249,1.8852,0.67415,3.6802,112.57,285.45
0.018214,1.8863,0.67375,3.6816,112.86,285.45
0.018184,1.8875,0.67335,3.6829,113.15,285.45
0.018166,1.8887,0.67294,3.6842,113.44,285.45
0.018146,1.8898,0.67253,3.6855,113.73,285.45
0.018112,1.891,0.67212,3.6869,114.02,285.45
0.018083,1.8921,0.67171,3.6882,114.31,285.45
0.018066,1.8932,0.6713,3.6895,114.6,285.45
0.018047,1.8944,0.67088,3.6908,114.89,285.45
0.018013,1.8955,0.67046,3.6921,115.17,285.45
0.017986,1.8966,0.67004,3.6935,115.46,285.45
0.01797,1.8977,0.66962,3.6948,115.75,285.45
0.017952,1.8988,0.66919,3.6961,116.03,285.45
0.017919,1.8999,0.66876,3.6974,116.32,285.45
0.017893,1.901,0.66834,3.6987,116.6,285.45
0.017878,1.9021,0.6679,3.7,116.88,285.45
0.01786,1.9032,0.66747,3.7013,117.17,285.45
0.017829,1.9042,0.66703,3.7026,117.45,285.45
0.017804,1.9053,0.6666,3.7039,117.73,285.45
0.01779,1.9064,0.66616,3.7052,118.01,285.45
0.017773,1.9074,0.66571,3.7065,118.29,285.45
0.017743,1.9085,0.66527,3.7078,118.57,285.45
0.017718,1.9095,0.66483,3.7091,118.85,285.45
0.017705,1.9106,0.66438,3.7104,119.13,285.45
0.017689,1.9116,0.66393,3.7117,119.41,285.45
0.01766,1.9126,0.66348,3.713,119.69,285.45
0.017636,1.9136,0.66303,3.7143,119.97,285.45
0.017623,1.9147,0.66257,3.7156,120.24,285.45
0.017608,1.9157,0.66211,3.7169,120.52,285.45
0.01758,1.9167,0.66166,3.7182,120.8,285.45
0.017557,1.9177,0.6612,3.7195,121.07,285.45
0.017545,1.9187,0.66074,3.7208,121.35,285.45
0.01753,1.9197,0.66027,3.7221,121.62,285.45
0.017503,1.9207,0.65981,3.7234,121.9,285.45
0.017481,1.9217,0.65934,3.7246,122.17,285.45
0.017469,1.9226,0.65888,3.7259,122.45,285.45
0.017456,1.9236,0.6584,3.7272,122.72,285.45
0.017429,1.9246,0.65794,3.7285,122.99,285.45
0.017408,1.9255,0.65747,3.7298,123.26,285.45
0.017397,1.9265,0.65699,3.7311,123.53,285.45
0.017384,1.9274,0.65651,3.7323,123.81,285.45
0.017358,1.9284,0.65604,3.7336,124.08,285.45
0.017337,1.9293,0.65556,3.7349,124.35,285.45
0.017327,1.9303,0.65508,3.7362,124.62,285.45
0.017315,1.9312,0.6546,3.7374,124.89,285.45
0.01729,1.9321,0.65412,3.7387,125.15,285.45
0.01727,1.9331,0.65364,3.74,125.42,285.45
0.01726,1.934,0.65315,3.7412,125.69,285.45
0.017249,1.9349,0.65267,3.7425,125.96,285.45
0.017224,1.9358,0.65218,3.7438,126.23,285.45
0.017205,1.9367,0.65169,3.7451,126.49,285.45
0.017196,1.9376,0.6512,3.7463,126.76,285.45
0.017185,1.9385,0.65071,3.7476,127.03,285.45
0.01716,1.9394,0.65022,3.7489,127.29,285.45
0.017142,1.9403,0.64973,3.7501,127.56,285.45
0.017134,1.9412,0.64923,3.7514,127.83,285.45
0.017123,1.9421,0.64873,3.7526,128.09,285.45
0.017099,1.9429,0.64824,3.7539,128.35,285.45
0.017081,1.9438,0.64774,3.7552,128.62,285.45
0.017074,1.9447,0.64724,3.7564,128.88,285.45
0.017064,1.9455,0.64674,3.7577,129.15,285.45
0.017041,1.9464,0.64624,3.7589,129.41,285.45
0.017023,1.9472,0.64574,3.7602,129.67,285.45
0.017016,1.9481,0.64524,3.7615,129.93,285.45
0.017007,1.9489,0.64473,3.7627,130.2,285.45
0.016984,1.9498,0.64423,3.764,130.46,285.45
0.016967,1.9506,0.64372,3.7652,130.72,285.45
0.016961,1.9514,0.64321,3.7665,130.98,285.45
0.016952,1.9523,0.6427,3.7677,131.24,285.45
0.01693,1.9531,0.64219,3.769,131.5,285.45
0.016913,1.9539,0.64168,3.7702,131.76,285.45
0.016907,1.9547,0.64117,3.7715,132.02,285.45
0.016899,1.9555,0.64066,3.7727,132.28,285.45
0.016877,1.9564,0.64015,3.774,132.54,285.45
0.016861,1.9572,0.63963,3.7752,132.8,285.45
0.016856,1.958,0.63911,3.7765,133.06,285.45
0.016848,1.9588,0.6386,3.7777,133.32,285.45
0.016827,1.9596,0.63808,3.779,133.57,285.45
0.016811,1.9603,0.63757,3.7802,133.83,285.45
0.016806,1.9611,0.63704,3.7814,134.09,285.45
0.016799,1.9619,0.63652,3.7827,134.35,285.45
0.016778,1.9627,0.63601,3.7839,134.6,285.45
0.016763,1.9635,0.63549,3.7852,134.86,285.45
0.016758,1.9642,0.63496,3.7864,135.12,285.45
0.016751,1.965,0.63444,3.7877,135.37,285.45
0.016731,1.9658,0.63392,3.7889,135.63,285.45
0.016717,1.9665,0.63339,3.7901,135.88,285.45
0.016712,1.9673,0.63287,3.7914,136.14,285.45
0.016706,1.968,0.63234,3.7926,136.39,285.45
0.016686,1.9688,0.63182,3.7938,136.65,285.45
0.016672,1.9695,0.63129,3.7951,136.9,285.45
0.016668,1.9703,0.63076,3.7963,137.16,285.45
0.016662,1.971,0.63023,3.7975,137.41,285.45
0.016643,1.9717,0.6297,3.7988,137.66,285.45
0.016629,1.9725,0.62917,3.8,137.92,285.45
0.016625,1.9732,0.62864,3.8013,138.17,285.45
0.01662,1.9739,0.6281,3.8025,138.43,285.45
0.016601,1.9746,0.62757,3.8037,138.68,285.45
0.016588,1.9754,0.62704,3.8049,138.93,285.45
0.016584,1.9761,0.62651,3.8062,139.18,285.45
0.016579,1.9768,0.62597,3.8074,139.43,285.45
0.016561,1.9775,0.62544,3.8086,139.69,285.45
0.016548,1.9782,0.6249,3.8099,139.94,285.45
0.016545,1.9789,0.62437,3.8111,140.19,285.45
0.01654,1.9796,0.62383,3.8123,140.44,285.45
0.016522,1.9803,0.62329,3.8135,140.69,285.45
0.01651,1.981,0.62276,3.8148,140.94,285.45
0.016507,1.9816,0.62222,3.816,141.19,285.45
0.016502,1.9823,0.62168,3.8172,141.44,285.45
0.016485,1.983,0.62114,3.8185,141.69,285.45
0.016473,1.9837,0.6206,3.8197,141.94,285.45
0.01647,1.9843,0.62006,3.8209,142.19,285.45
0.016466,1.985,0.61951,3.8221,142.44,285.45
0.016449,1.9857,0.61897,3.8233,142.69,285.45
0.016437,1.9863,0.61843,3.8246,142.94,285.45
0.016435,1.987,0.61789,3.8258,143.19,285.45
0.016431,1.9877,0.61734,3.827,143.44,285.45
0.016414,1.9883,0.6168,3.8282,143.68,285.45
0.016403,1.989,0.61626,3.8295,143.93,285.45
0.016401,1.9896,0.61571,3.8307,144.18,285.45
0.016398,1.9903,0.61516,3.8319,144.43,285.45
0.016381,1.9909,0.61462,3.8331,144.68,285.45
0.01637,1.9915,0.61407,3.8343,144.92,285.45
0.016369,1.9922,0.61353,3.8356,145.17,285.45
0.016365,1.9928,0.61298,3.8368,145.42,285.45
0.016349,1.9934,0.61243,3.838,145.66,285.45
0.016339,1.9941,0.61188,3.8392,145.91,285.45
0.016338,1.9947,0.61134,3.8404,146.16,285.45
0.016334,1.9953,0.61079,3.8416,146.4,285.45
0.016319,1.9959,0.61024,3.8429,146.65,285.45
0.016308,1.9965,0.60969,3.8441,146.9,285.45
0.016308,1.9971,0.60914,3.8453,147.14,285.45
0.016305,1.9977,0.60859,3.8465,147.39,285.45
0.01629,1.9983,0.60804,3.8477,147.63,285.45
0.016279,1.9989,0.60749,3.8489,147.88,285.45
0.016279,1.9995,0.60693,3.8502,148.12,285.45
0.016276,2.0001,0.60638,3.8514,148.37,285.45
0.016261,2.0007,0.60583,3.8526,148.61,285.45
0.016251,2.0013,0.60527,3.8538,148.86,285.45
0.016251,2.0019,0.60472,3.855,149.1,285.45
0.016249,2.0025,0.60416,3.8562,149.35,285.45
0.016234,2.0031,0.60361,3.8574,149.59,285.45
0.016225,2.0037,0.60306,3.8586,149.84,285.45
0.016225,2.0042,0.6025,3.8599,150.08,285.45
0.016223,2.0048,0.60194,3.8611,150.32,285.45
0.016209,2.0054,0.60139,3.8623,150.57,285.45
0.016199,2.0059,0.60084,3.8635,150.81,285.45
0.0162,2.0065,0.60028,3.8647,151.05,285.45
0.016198,2.0071,0.59972,3.8659,151.3,285.45
0.016184,2.0076,0.59917,3.8671,151.54,285.45
0.016175,2.0082,0.59861,3.8683,151.78,285.45
0.016175,2.0087,0.59806,3.8695,152.03,285.45
0.016174,2.0093,0.5975,3.8707,152.27,285.45
0.01616,2.0098,0.59694,3.872,152.51,285.45
0.016151,2.0104,0.59638,3.8732,152.75,285.45
0.016152,2.0109,0.59582,3.8744,153,285.45
0.016151,2.0114,0.59526,3.8756,153.24,285.45
0.016137,2.012,0.59471,3.8768,153.48,285.45
0.016129,2.0125,0.59415,3.878,153.72,285.45
0.01613,2.013,0.59359,3.8792,153.97,285.45
0.016129,2.0136,0.59302,3.8804,154.21,285.45
0.016116,2.0141,0.59247,3.8816,154.45,285.45
0.016108,2.0146,0.59191,3.8828,154.69,285.45
0.016109,2.0151,0.59134,3.884,154.93,285.45
0.016108,2.0156,0.59078,3.8852,155.17,285.45
0.016095,2.0162,0.59022,3.8864,155.41,285.45
0.016087,2.0167,0.58966,3.8876,155.66,285.45
0.016089,2.0172,0.5891,3.8889,155.9,285.45
0.016088,2.0177,0.58854,3.8901,156.14,285.45
0.016076,2.0182,0.58798,3.8913,156.38,285.45
0.016068,2.0187,0.58742,3.8925,156.62,285.45
0.01607,2.0192,0.58686,3.8937,156.86,285.45
0.016069,2.0197,0.5863,3.8949,157.1,285.45
0.016057,2.0202,0.58574,3.8961,157.34,285.45
0.01605,2.0207,0.58517,3.8973,157.58,285.45
0.016052,2.0212,0.58461,3.8985,157.82,285.45
0.016051,2.0216,0.58405,3.8997,158.06,285.45
0.016039,2.0221,0.58348,3.9009,158.3,285.45
0.016032,2.0226,0.58292,3.9021,158.54,285.45
0.016034,2.0231,0.58236,3.9033,158.78,285.45
0.016034,2.0236,0.58179,3.9045,159.02,285.45
0.016022,2.024,0.58123,3.9057,159.26,285.45
0.016015,2.0245,0.58066,3.9069,159.5,285.45
0.016018,2.025,0.5801,3.9081,159.74,285.45
0.016018,2.0254,0.57953,3.9093,159.98,285.45
0.016007,2.0259,0.57897,3.9105,160.22,285.45
0.016,2.0264,0.57841,3.9117,160.46,285.45
0.016002,2.0268,0.57784,3.9129,160.7,285.45
0.016003,2.0273,0.57728,3.9141,160.94,285.45
0.015992,2.0277,0.57671,3.9153,161.17,285.45
0.015985,2.0282,0.57615,3.9165,161.41,285.45
0.015988,2.0286,0.57558,3.9177,161.65,285.45
0.015989,2.0291,0.57502,3.9189,161.89,285.45
0.015977,2.0295,0.57446,3.9201,162.13,285.45
0.015971,2.03,0.57389,3.9213,162.37,285.45
0.015974,2.0304,0.57333,3.9225,162.6,285.45
0.015975,2.0308,0.57276,3.9237,162.84,285.45
0.015964,2.0313,0.5722,3.9249,163.08,285.45
0.015958,2.0317,0.57163,3.9261,163.32,285.45
0.015961,2.0321,0.57106,3.9273,163.56,285.45
0.015962,2.0326,0.5705,3.9285,163.8,285.45
0.015952,2.033,0.56993,3.9297,164.03,285.45
0.015946,2.0334,0.56937,3.9309,164.27,285.45
0.015949,2.0338,0.5688,3.9321,164.51,285.45
0.015951,2.0342,0.56823,3.9333,164.75,285.45
0.01594,2.0347,0.56766,3.9345,164.99,285.45
0.015934,2.0351,0.5671,3.9357,165.23,285.45
0.015938,2.0355,0.56653,3.9369,165.46,285.45
0.01594,2.0359,0.56596,3.9381,165.7,285.45
0.015929,2.0363,0.5654,3.9393,165.94,285.45
0.015924,2.0367,0.56483,3.9405,166.18,285.45
0.015928,2.0371,0.56427,3.9417,166.41,285.45
0.015929,2.0375,0.5637,3.9429,166.65,285.45
0.015919,2.0379,0.56314,3.9441,166.89,285.45
0.015914,2.0383,0.56257,3.9453,167.13,285.45
0.015918,2.0387,0.562,3.9465,167.36,285.45
0.01592,2.0391,0.56144,3.9477,167.6,285.45
0.01591,2.0394,0.56087,3.9489,167.84,285.45
0.015905,2.0398,0.56031,3.9501,168.07,285.45
0.015909,2.0402,0.55974,3.9513,168.31,285.45
0.015911,2.0406,0.55917,3.9525,168.55,285.45
0.015901,2.041,0.55861,3.9537,168.79,285.45
0.015897,2.0413,0.55804,3.9549,169.02,285.45
0.015901,2.0417,0.55747,3.9561,169.26,285.45
0.015903,2.0421,0.5569,3.9573,169.5,285.45
0.015894,2.0425,0.55634,3.9585,169.74,285.45
0.015889,2.0428,0.55577,3.9597,169.97,285.45
0.015894,2.0432,0.5552,3.9609,170.21,285.45
0.015896,2.0436,0.55463,3.9621,170.45,285.45
0.015887,2.0439,0.55407,3.9633,170.69,285.45
0.015882,2.0443,0.5535,3.9645,170.92,285.45
0.015887,2.0446,0.55293,3.9657,171.16,285.45
0.01589,2.045,0.55237,3.9669,171.4,285.45
0.015881,2.0453,0.5518,3.9681,171.63,285.45
0.015876,2.0457,0.55124,3.9693,171.87,285.45
0.015881,2.046,0.55067,3.9705,172.1,285.45
0.015884,2.0464,0.55011,3.9717,172.34,285.45
0.015875,2.0467,0.54954,3.9729,172.58,285.45
0.015871,2.0471,0.54898,3.9741,172.81,285.45
0.015876,2.0474,0.54841,3.9753,173.05,285.45
0.015879,2.0477,0.54784,3.9765,173.29,285.45
0.01587,2.0481,0.54728,3.9777,173.52,285.45
0.015866,2.0484,0.54671,3.9789,173.76,285.45
0.015872,2.0487,0.54614,3.9801,174,285.45
0.015875,2.0491,0.54558,3.9813,174.23,285.45
0.015866,2.0494,0.54501,3.9825,174.47,285.45
0.015862,2.0497,0.54444,3.9837,174.71,285.45
0.015868,2.05,0.54388,3.9849,174.95,285.45
0.015871,2.0503,0.54331,3.9861,175.18,285.45
0.015863,2.0507,0.54274,3.9873,175.42,285.45
0.015859,2.051,0.54218,3.9885,175.66,285.45
0.015865,2.0513,0.54161,3.9897,175.89,285.45
0.015869,2.0516,0.54104,3.9909,176.13,285.45
0.01586,2.0519,0.54048,3.9921,176.37,285.45
0.015857,2.0522,0.53992,3.9933,176.6,285.45
0.015863,2.0525,0.53935,3.9945,176.84,285.45
0.015866,2.0528,0.53879,3.9957,177.07,285.45
0.015858,2.0531,0.53822,3.9969,177.31,285.45
0.015855,2.0534,0.53766,3.9981,177.55,285.45
0.015861,2.0537,0.5371,3.9993,177.78,285.45
0.015865,2.054,0.53653,4.0005,178.02,285.45
0.015857,2.0543,0.53597,4.0017,178.25,285.45
0.015854,2.0546,0.5354,4.0029,178.49,285.45
0.01586,2.0549,0.53484,4.0041,178.73,285.45
0.015864,2.0552,0.53427,4.0053,178.96,285.45
0.015856,2.0554,0.53371,4.0065,179.2,285.45
0.015853,2.0557,0.53314,4.0077,179.44,285.45
0.01586,2.056,0.53258,4.009,179.68,285.45
0.015864,2.0563,0.53201,4.0102,179.91,285.45
0.015856,2.0566,0.53145,4.0114,180.15,285.45
0.015853,2.0568,0.53088,4.0126,180.39,285.45
0.01586,2.0571,0.53032,4.0138,180.63,285.45
0.015864,2.0574,0.52975,4.015,180.86,285.45
0.015857,2.0576,0.52919,4.0162,181.1,285.45
0.015854,2.0579,0.52863,4.0174,181.34,285.45
0.015861,2.0582,0.52806,4.0186,181.57,285.45
0.015866,2.0584,0.5275,4.0198,181.81,285.45
0.015858,2.0587,0.52694,4.021,182.04,285.45
0.015856,2.059,0.52638,4.0222,182.28,285.45
0.015863,2.0592,0.52582,4.0234,182.52,285.45
0.015867,2.0595,0.52526,4.0246,182.75,285.45
0.01586,2.0597,0.5247,4.0258,182.99,285.45
0.015858,2.06,0.52413,4.027,183.23,285.45
0.015865,2.0602,0.52357,4.0282,183.46,285.45
0.01587,2.0604,0.52301,4.0294,183.7,285.45
0.015863,2.0607,0.52245,4.0306,183.94,285.45
0.015861,2.0609,0.52189,4.0318,184.17,285.45
0.015868,2.0612,0.52132,4.033,184.41,285.45
0.015873,2.0614,0.52076,4.0342,184.65,285.45
0.015866,2.0617,0.5202,4.0355,184.89,285.45
0.015864,2.0619,0.51963,4.0367,185.13,285.45
0.015871,2.0621,0.51907,4.0379,185.36,285.45
0.015877,2.0623,0.51851,4.0391,185.6,285.45
0.01587,2.0626,0.51795,4.0403,185.84,285.45
0.015868,2.0628,0.51739,4.0415,186.08,285.45
0.015876,2.063,0.51683,4.0427,186.31,285.45
0.015881,2.0632,0.51627,4.0439,186.55,285.45
0.015875,2.0635,0.51571,4.0451,186.79,285.45
0.015873,2.0637,0.51515,4.0463,187.02,285.45
0.01588,2.0639,0.51459,4.0475,187.26,285.45
0.015886,2.0641,0.51403,4.0487,187.5,285.45
0.01588,2.0643,0.51348,4.05,187.74,285.45
0.015878,2.0645,0.51292,4.0512,187.97,285.45
0.015886,2.0647,0.51236,4.0524,188.21,285.45
0.015891,2.0649,0.5118,4.0536,188.45,285.45
0.015885,2.0652,0.51125,4.0548,188.68,285.45
0.015884,2.0654,0.51069,4.056,188.92,285.45
0.015892,2.0656,0.51013,4.0572,189.16,285.45
0.015898,2.0658,0.50957,4.0584,189.4,285.45
0.015892,2.066,0.50901,4.0596,189.64,285.45
0.01589,2.0662,0.50845,4.0608,189.88,285.45
0.015899,2.0663,0.50789,4.0621,190.12,285.45
0.015905,2.0665,0.50733,4.0633,190.35,285.45
0.015899,2.0667,0.50677,4.0645,190.59,285.45
0.015898,2.0669,0.50622,4.0657,190.83,285.45
0.015906,2.0671,0.50566,4.0669,191.07,285.45
0.015912,2.0673,0.5051,4.0681,191.31,285.45
0.015906,2.0675,0.50455,4.0694,191.55,285.45
0.015905,2.0676,0.50399,4.0706,191.79,285.45
0.015914,2.0678,0.50344,4.0718,192.02,285.45
0.01592,2.068,0.50288,4.073,192.26,285.45
0.015915,2.0682,0.50233,4.0742,192.5,285.45
0.015914,2.0683,0.50178,4.0754,192.74,285.45
0.015922,2.0685,0.50122,4.0766,192.98,285.45
0.015929,2.0687,0.50067,4.0778,193.21,285.45
0.015923,2.0689,0.50012,4.079,193.45,285.45
0.015923,2.069,0.49957,4.0803,193.69,285.45
0.015931,2.0692,0.49901,4.0815,193.93,285.45
0.015938,2.0693,0.49846,4.0827,194.17,285.45
0.015933,2.0695,0.4979,4.0839,194.41,285.45
0.015932,2.0697,0.49735,4.0851,194.65,285.45
0.015941,2.0698,0.49679,4.0864,194.89,285.45
0.015948,2.07,0.49624,4.0876,195.13,285.45
0.015943,2.0701,0.49568,4.0888,195.37,285.45
0.015942,2.0703,0.49513,4.09,195.61,285.45
0.015951,2.0704,0.49457,4.0913,195.85,285.45
0.015958,2.0706,0.49402,4.0925,196.09,285.45
0.015953,2.0707,0.49347,4.0937,196.33,285.45
0.015953,2.0709,0.49292,4.0949,196.57,285.45
0.015962,2.071,0.49236,4.0961,196.81,285.45
0.015969,2.0711,0.49181,4.0974,197.05,285.45
0.015965,2.0713,0.49127,4.0986,197.29,285.45
0.015965,2.0714,0.49072,4.0998,197.53,285.45
0.015974,2.0715,0.49017,4.101,197.77,285.45
0.015981,2.0717,0.48962,4.1022,198.01,285.45
0.015976,2.0718,0.48908,4.1034,198.25,285.45
0.015977,2.0719,0.48853,4.1047,198.49,285.45
0.015986,2.0721,0.48798,4.1059,198.73,285.45
0.015993,2.0722,0.48743,4.1071,198.97,285.45
0.015989,2.0723,0.48688,4.1083,199.21,285.45
0.015989,2.0724,0.48634,4.1096,199.45,285.45
0.015998,2.0725,0.48579,4.1108,199.69,285.45
0.016006,2.0727,0.48524,4.112,199.93,285.45
0.016001,2.0728,0.48469,4.1132,200.18,285.45
0.016002,2.0729,0.48414,4.1145,200.42,285.45
0.016012,2.073,0.48359,4.1157,200.66,285.45
0.01602,2.0731,0.48303,4.1169,200.9,285.45
0.016015,2.0732,0.48249,4.1182,201.15,285.45
0.016016,2.0733,0.48194,4.1194,201.39,285.45
0.016026,2.0734,0.48139,4.1206,201.63,285.45
0.016034,2.0735,0.48084,4.1219,201.87,285.45
0.016029,2.0736,0.4803,4.1231,202.11,285.45
0.01603,2.0737,0.47976,4.1243,202.36,285.45
0.01604,2.0738,0.47922,4.1255,202.6,285.45
0.016048,2.0739,0.47867,4.1268,202.84,285.45
0.016044,2.074,0.47813,4.128,203.08,285.45
0.016045,2.0741,0.47759,4.1292,203.32,285.45
0.016055,2.0742,0.47705,4.1304,203.56,285.45
0.016063,2.0743,0.47651,4.1317,203.8,285.45
0.01606,2.0744,0.47597,4.1329,204.05,285.45
0.016061,2.0745,0.47543,4.1341,204.29,285.45
0.016071,2.0746,0.47488,4.1354,204.53,285.45
0.016079,2.0746,0.47434,4.1366,204.77,285.45
0.016075,2.0747,0.4738,4.1378,205.02,285.45
0.016077,2.0748,0.47325,4.1391,205.26,285.45
0.016087,2.0749,0.47271,4.1403,205.51,285.45
0.016096,2.075,0.47216,4.1416,205.75,285.45
0.016092,2.075,0.47162,4.1428,206,285.45
0.016093,2.0751,0.47108,4.1441,206.24,285.45
0.016104,2.0752,0.47053,4.1453,206.49,285.45
0.016113,2.0752,0.46999,4.1465,206.73,285.45
0.016109,2.0753,0.46945,4.1478,206.98,285.45
0.016111,2.0754,0.46891,4.149,207.22,285.45
0.016122,2.0754,0.46837,4.1503,207.47,285.45
0.01613,2.0755,0.46783,4.1515,207.71,285.45
0.016127,2.0755,0.4673,4.1527,207.95,285.45
0.016129,2.0756,0.46676,4.154,208.2,285.45
0.016139,2.0757,0.46623,4.1552,208.44,285.45
0.016148,2.0757,0.4657,4.1564,208.68,285.45
0.016145,2.0758,0.46516,4.1577,208.93,285.45
0.016147,2.0758,0.46463,4.1589,209.17,285.45
0.016158,2.0759,0.46409,4.1601,209.42,285.45
0.016167,2.0759,0.46356,4.1614,209.66,285.45
0.016164,2.076,0.46302,4.1626,209.91,285.45
0.016166,2.076,0.46248,4.1639,210.15,285.45
0.016177,2.076,0.46195,4.1651,210.4,285.45
0.016186,2.0761,0.46141,4.1664,210.65,285.45
0.016184,2.0761,0.46087,4.1676,210.9,285.45
0.016186,2.0762,0.46033,4.1689,211.14,285.45
0.016197,2.0762,0.45979,4.1701,211.39,285.45
0.016207,2.0762,0.45926,4.1714,211.64,285.45
0.016204,2.0763,0.45872,4.1726,211.89,285.45
0.016206,2.0763,0.45819,4.1739,212.14,285.45
0.016218,2.0763,0.45765,4.1752,212.38,285.45
0.016228,2.0763,0.45712,4.1764,212.63,285.45
0.016225,2.0764,0.45659,4.1777,212.88,285.45
0.016227,2.0764,0.45606,4.1789,213.12,285.45
0.016239,2.0764,0.45553,4.1801,213.37,285.45
0.016248,2.0764,0.455,4.1814,213.62,285.45
0.016246,2.0764,0.45448,4.1826,213.86,285.45
0.016249,2.0765,0.45395,4.1839,214.11,285.45
0.01626,2.0765,0.45343,4.1851,214.36,285.45
0.01627,2.0765,0.4529,4.1864,214.6,285.45
0.016268,2.0765,0.45237,4.1876,214.85,285.45
0.016271,2.0765,0.45184,4.1889,215.1,285.45
0.016283,2.0765,0.45131,4.1901,215.35,285.45
0.016292,2.0765,0.45078,4.1914,215.6,285.45
0.01629,2.0765,0.45025,4.1927,215.85,285.45
0.016293,2.0765,0.44972,4.1939,216.1,285.45
0.016306,2.0765,0.44919,4.1952,216.35,285.45
0.016316,2.0765,0.44866,4.1965,216.6,285.45
0.016314,2.0765,0.44813,4.1977,216.85,285.45
0.016317,2.0765,0.4476,4.199,217.11,285.45
0.016329,2.0765,0.44707,4.2003,217.36,285.45
0.01634,2.0765,0.44654,4.2015,217.61,285.45
0.016338,2.0765,0.44602,4.2028,217.86,285.45
0.016341,2.0765,0.44549,4.2041,218.11,285.45
0.016354,2.0765,0.44497,4.2053,218.36,285.45
0.016364,2.0764,0.44445,4.2066,218.61,285.45
0.016362,2.0764,0.44393,4.2078,218.86,285.45
0.016366,2.0764,0.44341,4.2091,219.11,285.45
0.016378,2.0764,0.44289,4.2103,219.36,285.45
0.016388,2.0764,0.44237,4.2116,219.61,285.45
0.016387,2.0763,0.44186,4.2128,219.86,285.45
0.016391,2.0763,0.44134,4.2141,220.11,285.45
0.016403,2.0763,0.44082,4.2154,220.36,285.45
0.016414,2.0763,0.4403,4.2166,220.61,285.45
0.016413,2.0762,0.43977,4.2179,220.86,285.45
0.016416,2.0762,0.43925,4.2192,221.12,285.45
0.016429,2.0762,0.43873,4.2205,221.37,285.45
0.01644,2.0761,0.4382,4.2217,221.63,285.45
0.016439,2.0761,0.43768,4.223,221.88,285.45
0.016443,2.076,0.43716,4.2243,222.14,285.45
0.016456,2.076,0.43663,4.2256,222.39,285.45
0.016468,2.076,0.43611,4.2269,222.65,285.45
0.016466,2.0759,0.43559,4.2282,222.9,285.45
0.01647,2.0759,0.43507,4.2295,223.16,285.45
0.016484,2.0758,0.43455,4.2307,223.41,285.45
0.016495,2.0758,0.43403,4.232,223.67,285.45
0.016494,2.0757,0.43352,4.2333,223.92,285.45
0.016498,2.0757,0.43301,4.2345,224.17,285.45
0.016511,2.0756,0.4325,4.2358,224.43,285.45
0.016523,2.0756,0.43199,4.2371,224.68,285.45
0.016522,2.0755,0.43148,4.2383,224.93,285.45
0.016527,2.0754,0.43097,4.2396,225.19,285.45
0.01654,2.0754,0.43046,4.2409,225.44,285.45
0.016551,2.0753,0.42996,4.2422,225.69,285.45
0.016551,2.0753,0.42944,4.2434,225.95,285.45
0.016555,2.0752,0.42893,4.2447,226.21,285.45
0.016569,2.0751,0.42841,4.246,226.46,285.45
0.01658,2.0751,0.4279,4.2473,226.72,285.45
0.01658,2.075,0.42739,4.2486,226.98,285.45
0.016585,2.0749,0.42687,4.2499,227.24,285.45
0.016599,2.0748,0.42635,4.2512,227.5,285.45
0.016611,2.0748,0.42583,4.2525,227.76,285.45
0.016611,2.0747,0.42532,4.2538,228.02,285.45
0.016615,2.0746,0.42481,4.2551,228.28,285.45
0.01663,2.0745,0.42429,4.2564,228.54,285.45
0.016643,2.0744,0.42378,4.2577,228.8,285.45
0.016642,2.0743,0.42328,4.259,229.06,285.45
0.016647,2.0743,0.42277,4.2603,229.32,285.45
0.016661,2.0742,0.42227,4.2616,229.58,285.45
0.016674,2.0741,0.42176,4.2629,229.83,285.45
0.016674,2.074,0.42126,4.2641,230.09,285.45
0.016679,2.0739,0.42076,4.2654,230.35,285.45
0.016693,2.0738,0.42026,4.2667,230.6,285.45
0.016705,2.0737,0.41976,4.268,230.86,285.45
0.016706,2.0736,0.41926,4.2693,231.12,285.45
0.016711,2.0735,0.41876,4.2706,231.38,285.45
0.016725,2.0734,0.41826,4.2719,231.64,285.45
0.016737,2.0733,0.41776,4.2731,231.9,285.45
0.016738,2.0732,0.41725,4.2745,232.16,285.45
0.016744,2.0731,0.41674,4.2758,232.42,285.45
0.016759,2.073,0.41623,4.2771,232.69,285.45
0.016771,2.0729,0.41573,4.2784,232.95,285.45
0.016772,2.0728,0.41522,4.2797,233.22,285.45
0.016777,2.0726,0.41471,4.2811,233.49,285.45
0.016793,2.0725,0.4142,4.2824,233.75,285.45
0.016807,2.0724,0.4137,4.2837,234.02,285.45
0.016807,2.0723,0.4132,4.285,234.28,285.45
0.016812,2.0722,0.4127,4.2863,234.55,285.45
0.016828,2.072,0.4122,4.2876,234.81,285.45
0.016842,2.0719,0.4117,4.2889,235.07,285.45
0.016842,2.0718,0.41121,4.2902,235.33,285.45
0.016848,2.0717,0.41072,4.2915,235.59,285.45
0.016863,2.0715,0.41023,4.2928,235.86,285.45
0.016876,2.0714,0.40974,4.2941,236.12,285.45
0.016878,2.0713,0.40925,4.2954,236.38,285.45
0.016884,2.0711,0.40876,4.2967,236.64,285.45
0.016899,2.071,0.40827,4.298,236.9,285.45
0.016912,2.0709,0.40778,4.2993,237.17,285.45
0.016913,2.0707,0.40728,4.3007,237.43,285.45
0.01692,2.0706,0.40678,4.302,237.7,285.45
0.016936,2.0704,0.40629,4.3033,237.97,285.45
0.016949,2.0703,0.40579,4.3046,238.24,285.45
0.01695,2.0702,0.40529,4.306,238.51,285.45
0.016957,2.07,0.40479,4.3073,238.78,285.45
0.016974,2.0699,0.40429,4.3087,239.05,285.45
0.016988,2.0697,0.40379,4.31,239.32,285.45
0.016989,2.0695,0.4033,4.3114,239.59,285.45
0.016995,2.0694,0.4028,4.3127,239.87,285.45
0.017013,2.0692,0.40231,4.314,240.14,285.45
0.017027,2.0691,0.40181,4.3154,240.41,285.45
0.017028,2.0689,0.40133,4.3167,240.67,285.45
0.017035,2.0688,0.40085,4.318,240.94,285.45
0.017051,2.0686,0.40036,4.3193,241.21,285.45
0.017066,2.0684,0.39988,4.3206,241.47,285.45
0.017068,2.0683,0.3994,4.3219,241.74,285.45
0.017075,2.0681,0.39892,4.3233,242.01,285.45
0.017091,2.0679,0.39844,4.3246,242.27,285.45
0.017105,2.0678,0.39797,4.3259,242.54,285.45
0.017107,2.0676,0.39748,4.3272,242.81,285.45
0.017115,2.0674,0.397,4.3285,243.08,285.45
0.017131,2.0672,0.39652,4.3299,243.35,285.45
0.017145,2.0671,0.39603,4.3312,243.62,285.45
0.017148,2.0669,0.39554,4.3326,243.9,285.45
0.017155,2.0667,0.39505,4.3339,244.18,285.45
0.017173,2.0665,0.39456,4.3353,244.45,285.45
0.017188,2.0663,0.39407,4.3367,244.73,285.45
0.01719,2.0661,0.39358,4.338,245.01,285.45
0.017197,2.0659,0.39309,4.3394,245.29,285.45
0.017216,2.0657,0.3926,4.3408,245.57,285.45
0.017232,2.0655,0.39212,4.3421,245.84,285.45
0.017233,2.0654,0.39164,4.3435,246.12,285.45
0.017241,2.0652,0.39116,4.3448,246.39,285.45
0.017259,2.065,0.39068,4.3462,246.67,285.45
0.017275,2.0648,0.3902,4.3475,246.94,285.45
0.017277,2.0646,0.38974,4.3489,247.21,285.45
0.017285,2.0644,0.38927,4.3502,247.49,285.45
0.017302,2.0642,0.3888,4.3515,247.76,285.45
0.017317,2.064,0.38833,4.3528,248.03,285.45
0.017321,2.0638,0.38786,4.3542,248.3,285.45
0.017329,2.0635,0.3874,4.3555,248.58,285.45
0.017346,2.0633,0.38693,4.3569,248.85,285.45
0.017361,2.0631,0.38646,4.3582,249.12,285.45
0.017365,2.0629,0.38598,4.3596,249.4,285.45
0.017374,2.0627,0.3855,4.361,249.69,285.45
0.017391,2.0625,0.38502,4.3623,249.97,285.45
0.017407,2.0623,0.38455,4.3637,250.25,285.45
0.017411,2.062,0.38407,4.3651,250.54,285.45
0.017419,2.0618,0.38358,4.3665,250.82,285.45
0.017439,2.0616,0.3831,4.3679,251.11,285.45
0.017456,2.0613,0.38262,4.3693,251.4,285.45
0.017458,2.0611,0.38215,4.3707,251.68,285.45
0.017467,2.0609,0.38167,4.3721,251.96,285.45
0.017487,2.0606,0.3812,4.3734,252.25,285.45
0.017504,2.0604,0.38073,4.3748,252.53,285.45
0.017507,2.0602,0.38027,4.3762,252.81,285.45
0.017515,2.0599,0.37981,4.3775,253.09,285.45
0.017534,2.0597,0.37935,4.3789,253.37,285.45
0.017551,2.0595,0.37889,4.3802,253.64,285.45
0.017555,2.0592,0.37844,4.3816,253.92,285.45
0.017564,2.059,0.37798,4.3829,254.2,285.45
0.017582,2.0587,0.37753,4.3843,254.48,285.45
0.017598,2.0585,0.37707,4.3856,254.76,285.45
0.017603,2.0583,0.37661,4.387,255.04,285.45
0.017613,2.058,0.37615,4.3884,255.33,285.45
0.017631,2.0578,0.37568,4.3898,255.61,285.45
0.017648,2.0575,0.37522,4.3912,255.9,285.45
0.017653,2.0572,0.37475,4.3926,256.19,285.45
0.017663,2.057,0.37428,4.394,256.48,285.45
0.017683,2.0567,0.37381,4.3954,256.78,285.45
0.017701,2.0564,0.37333,4.3969,257.07,285.45
0.017705,2.0562,0.37287,4.3983,257.36,285.45
0.017715,2.0559,0.3724,4.3997,257.66,285.45
0.017736,2.0556,0.37193,4.4011,257.95,285.45
0.017755,2.0554,0.37146,4.4026,258.25,285.45
0.017758,2.0551,0.37101,4.4039,258.54,285.45
0.017768,2.0548,0.37055,4.4053,258.82,285.45
0.017789,2.0545,0.3701,4.4067,259.11,285.45
0.017807,2.0543,0.36965,4.4081,259.4,285.45
0.017812,2.054,0.36921,4.4095,259.68,285.45
0.017821,2.0537,0.36876,4.4108,259.97,285.45
0.017841,2.0535,0.36832,4.4122,260.25,285.45
0.017858,2.0532,0.36788,4.4136,260.53,285.45
0.017864,2.0529,0.36743,4.415,260.82,285.45
0.017875,2.0526,0.36699,4.4164,261.11,285.45
0.017894,2.0523,0.36654,4.4177,261.4,285.45
0.017912,2.052,0.3661,4.4191,261.69,285.45
0.017918,2.0517,0.36564,4.4206,261.99,285.45
0.01793,2.0515,0.36518,4.422,262.29,285.45
0.01795,2.0512,0.36472,4.4234,262.59,285.45
0.017969,2.0508,0.36426,4.4249,262.89,285.45
0.017975,2.0505,0.3638,4.4263,263.19,285.45
0.017986,2.0502,0.36334,4.4278,263.49,285.45
0.018009,2.0499,0.36288,4.4293,263.8,285.45
0.018029,2.0496,0.36242,4.4307,264.1,285.45
0.018033,2.0493,0.36197,4.4322,264.4,285.45
0.018044,2.049,0.36152,4.4336,264.7,285.45
0.018067,2.0487,0.36107,4.435,265,285.45
0.018087,2.0484,0.36062,4.4365,265.3,285.45
0.018092,2.0481,0.36019,4.4379,265.6,285.45
0.018103,2.0477,0.35976,4.4393,265.89,285.45
0.018125,2.0474,0.35932,4.4407,266.18,285.45
0.018144,2.0471,0.35889,4.4421,266.47,285.45
0.01815,2.0468,0.35846,4.4434,266.76,285.45
0.018162,2.0465,0.35803,4.4448,267.06,285.45
0.018182,2.0462,0.3576,4.4462,267.35,285.45
0.018201,2.0459,0.35717,4.4476,267.64,285.45
0.018209,2.0455,0.35673,4.4491,267.95,285.45
0.018221,2.0452,0.35629,4.4505,268.25,285.45
0.018243,2.0449,0.35585,4.452,268.55,285.45
0.018262,2.0445,0.35541,4.4534,268.86,285.45
0.01827,2.0442,0.35496,4.4549,269.17,285.45
0.018283,2.0439,0.35451,4.4564,269.49,285.45
0.018306,2.0435,0.35406,4.4579,269.8,285.45
0.018328,2.0432,0.35361,4.4594,270.11,285.45
0.018334,2.0428,0.35316,4.4609,270.43,285.45
0.018346,2.0424,0.35272,4.4624,270.74,285.45
0.018371,2.0421,0.35227,4.4639,271.05,285.45
0.018393,2.0417,0.35183,4.4654,271.37,285.45
0.018399,2.0414,0.3514,4.4668,271.67,285.45
0.018411,2.041,0.35098,4.4682,271.98,285.45
0.018435,2.0407,0.35055,4.4697,272.28,285.45
0.018456,2.0403,0.35012,4.4711,272.58,285.45
0.018463,2.04,0.34971,4.4725,272.88,285.45
0.018476,2.0397,0.3493,4.4739,273.18,285.45
0.018498,2.0393,0.34888,4.4753,273.48,285.45
0.018518,2.039,0.34847,4.4768,273.78,285.45
0.018527,2.0386,0.34804,4.4782,274.09,285.45
0.018541,2.0382,0.34762,4.4797,274.39,285.45
0.018563,2.0379,0.3472,4.4811,274.7,285.45
0.018583,2.0375,0.34678,4.4826,275.01,285.45
0.018593,2.0371,0.34634,4.4841,275.33,285.45
0.018607,2.0367,0.3459,4.4856,275.65,285.45
0.018632,2.0364,0.34547,4.4871,275.97,285.45
0.018654,2.036,0.34503,4.4886,276.3,285.45
0.018662,2.0356,0.34459,4.4902,276.62,285.45
0.018676,2.0352,0.34415,4.4917,276.95,285.45
0.018703,2.0348,0.34372,4.4932,277.28,285.45
0.018727,2.0344,0.34328,4.4948,277.61,285.45
0.018734,2.034,0.34286,4.4963,277.93,285.45
0.018748,2.0336,0.34244,4.4978,278.24,285.45
0.018774,2.0332,0.34201,4.4993,278.56,285.45
0.018798,2.0328,0.34159,4.5008,278.88,285.45
0.018806,2.0324,0.34119,4.5022,279.19,285.45
0.01882,2.0321,0.34079,4.5036,279.5,285.45
0.018844,2.0317,0.34038,4.5051,279.81,285.45
0.018866,2.0313,0.33998,4.5065,280.11,285.45
0.018876,2.0309,0.33958,4.508,280.43,285.45
0.01889,2.0305,0.33918,4.5094,280.74,285.45
0.018914,2.0301,0.33877,4.5109,281.05,285.45
0.018935,2.0297,0.33837,4.5124,281.36,285.45
0.018947,2.0293,0.33795,4.5139,281.69,285.45
0.018963,2.0289,0.33753,4.5154,282.02,285.45
0.018988,2.0285,0.33712,4.5169,282.35,285.45
0.019011,2.0281,0.3367,4.5185,282.67,285.45
0.019021,2.0276,0.33627,4.5201,283.01,285.45
0.019038,2.0272,0.33584,4.5216,283.36,285.45
0.019066,2.0267,0.33541,4.5232,283.7,285.45
0.019092,2.0263,0.33498,4.5248,284.04,285.45
0.0191,2.0259,0.33457,4.5264,284.37,285.45
0.019116,2.0254,0.33415,4.5279,284.71,285.45
0.019146,2.025,0.33373,4.5295,285.05,285.45
0.019172,2.0245,0.33331,4.5311,285.38,285.45
0.01918,2.0241,0.33292,4.5325,285.7,285.45
0.019196,2.0237,0.33252,4.534,286.03,285.45
0.019223,2.0233,0.33213,4.5355,286.35,285.45
0.019247,2.0228,0.33173,4.537,286.67,285.45
0.019258,2.0224,0.33135,4.5385,286.99,285.45
0.019274,2.022,0.33096,4.54,287.31,285.45
0.019299,2.0216,0.33058,4.5414,287.63,285.45
0.019322,2.0212,0.33019,4.5429,287.94,285.45
0.019335,2.0207,0.3298,4.5444,288.28,285.45
0.019352,2.0203,0.3294,4.546,288.61,285.45
0.019378,2.0198,0.329,4.5475,288.94,285.45
0.019402,2.0194,0.32861,4.549,289.27,285.45
0.019415,2.0189,0.32819,4.5506,289.63,285.45
0.019434,2.0184,0.32778,4.5523,289.98,285.45
0.019463,2.0179,0.32736,4.5539,290.33,285.45
0.01949,2.0175,0.32695,4.5555,290.68,285.45
0.019501,2.017,0.32654,4.5571,291.04,285.45
0.01952,2.0165,0.32613,4.5588,291.39,285.45
0.019552,2.016,0.32571,4.5604,291.75,285.45
0.01958,2.0155,0.3253,4.562,292.1,285.45
0.01959,2.015,0.32491,4.5636,292.44,285.45
0.019607,2.0146,0.32452,4.5651,292.78,285.45
0.019638,2.0141,0.32413,4.5667,293.13,285.45
0.019666,2.0136,0.32374,4.5683,293.47,285.45
0.019677,2.0132,0.32337,4.5698,293.8,285.45
0.019694,2.0127,0.323,4.5713,294.12,285.45
0.019722,2.0122,0.32263,4.5728,294.45,285.45
0.019747,2.0118,0.32226,4.5743,294.78,285.45
0.019762,2.0113,0.32188,4.5758,295.12,285.45
0.01978,2.0108,0.32151,4.5773,295.46,285.45
0.019807,2.0103,0.32113,4.5789,295.79,285.45
0.019833,2.0099,0.32076,4.5804,296.13,285.45
0.019848,2.0094,0.32037,4.582,296.49,285.45
0.019869,2.0089,0.31997,4.5837,296.85,285.45
0.019899,2.0083,0.31958,4.5853,297.21,285.45
0.019927,2.0078,0.31918,4.5869,297.57,285.45
0.019941,2.0073,0.31878,4.5886,297.94,285.45
0.019962,2.0068,0.31838,4.5903,298.31,285.45
0.019997,2.0062,0.31797,4.592,298.69,285.45
0.020028,2.0057,0.31757,4.5937,299.06,285.45
0.02004,2.0052,0.31718,4.5953,299.43,285.45
0.020059,2.0046,0.3168,4.597,299.79,285.45
0.020094,2.0041,0.31641,4.5986,300.15,285.45
0.020126,2.0036,0.31602,4.6003,300.52,285.45
0.020138,2.0031,0.31566,4.6018,300.86,285.45
0.020157,2.0026,0.3153,4.6034,301.21,285.45
0.020188,2.0021,0.31494,4.605,301.55,285.45
0.020216,2.0015,0.31458,4.6065,301.9,285.45
0.020232,2.001,0.31422,4.6081,302.24,285.45
0.020252,2.0005,0.31387,4.6096,302.59,285.45
0.02028,2,0.31352,4.6111,302.93,285.45
0.020308,1.9995,0.31316,4.6127,303.27,285.45
0.020326,1.999,0.31279,4.6143,303.64,285.45
0.020348,1.9984,0.31242,4.616,304,285.45
0.020379,1.9979,0.31205,4.6176,304.37,285.45
0.020408,1.9974,0.31168,4.6192,304.73,285.45
0.020426,1.9968,0.31129,4.621,305.12,285.45
0.02045,1.9962,0.3109,4.6227,305.51,285.45
0.020486,1.9956,0.31051,4.6245,305.9,285.45
0.020518,1.995,0.31013,4.6262,306.29,285.45
0.020533,1.9945,0.30974,4.6279,306.68,285.45
0.020557,1.9939,0.30936,4.6297,307.07,285.45
0.020595,1.9933,0.30898,4.6314,307.46,285.45
0.02063,1.9927,0.3086,4.6331,307.85,285.45
0.020644,1.9921,0.30824,4.6348,308.22,285.45
0.020665,1.9916,0.30789,4.6364,308.59,285.45
0.020701,1.991,0.30753,4.6381,308.96,285.45
0.020734,1.9905,0.30718,4.6397,309.32,285.45
0.02075,1.9899,0.30684,4.6413,309.68,285.45
0.020772,1.9894,0.3065,4.6428,310.03,285.45
0.020803,1.9888,0.30616,4.6444,310.39,285.45
0.020833,1.9883,0.30583,4.646,310.74,285.45
0.020853,1.9877,0.30548,4.6476,311.11,285.45
0.020877,1.9872,0.30514,4.6493,311.48,285.45
0.020909,1.9866,0.30479,4.6509,311.85,285.45
0.02094,1.986,0.30445,4.6525,312.22,285.45
0.020961,1.9854,0.30408,4.6543,312.63,285.45
0.020988,1.9848,0.30371,4.6561,313.03,285.45
0.021025,1.9842,0.30334,4.6578,313.43,285.45
0.021059,1.9836,0.30297,4.6596,313.83,285.45
0.021079,1.9829,0.3026,4.6614,314.24,285.45
0.021105,1.9823,0.30222,4.6633,314.66,285.45
0.021148,1.9816,0.30185,4.6651,315.08,285.45
0.021186,1.981,0.30148,4.6669,315.49,285.45
0.021202,1.9804,0.30113,4.6686,315.89,285.45
0.021227,1.9797,0.30077,4.6704,316.29,285.45
0.021268,1.9791,0.30042,4.6721,316.68,285.45
0.021306,1.9785,0.30007,4.6739,317.08,285.45
0.021323,1.9779,0.29975,4.6755,317.46,285.45
0.021347,1.9773,0.29942,4.6771,317.83,285.45
0.021383,1.9767,0.29909,4.6788,318.2,285.45
0.021417,1.9761,0.29877,4.6804,318.58,285.45
0.021438,1.9755,0.29845,4.682,318.96,285.45
0.021464,1.975,0.29813,4.6837,319.33,285.45
0.021498,1.9744,0.2978,4.6853,319.71,285.45
0.021531,1.9738,0.29748,4.687,320.09,285.45
0.021555,1.9731,0.29714,4.6887,320.5,285.45
0.021584,1.9725,0.2968,4.6905,320.91,285.45
0.021622,1.9718,0.29645,4.6923,321.32,285.45
0.021658,1.9712,0.29611,4.6941,321.73,285.45
0.021683,1.9705,0.29575,4.696,322.16,285.45
0.021714,1.9698,0.29539,4.6979,322.6,285.45
0.021758,1.9691,0.29503,4.6998,323.04,285.45
0.021799,1.9684,0.29467,4.7017,323.48,285.45
0.02182,1.9677,0.29432,4.7035,323.91,285.45
0.021849,1.967,0.29398,4.7054,324.34,285.45
0.021896,1.9663,0.29363,4.7072,324.77,285.45
0.021939,1.9656,0.29328,4.7091,325.2,285.45
0.021958,1.965,0.29296,4.7108,325.61,285.45
0.021985,1.9643,0.29265,4.7126,326.01,285.45
0.022027,1.9637,0.29233,4.7143,326.41,285.45
0.022067,1.963,0.29201,4.716,326.81,285.45
0.022089,1.9624,0.29171,4.7177,327.2,285.45
0.022117,1.9618,0.29141,4.7194,327.6,285.45
0.022155,1.9611,0.2911,4.721,327.99,285.45
0.02219,1.9605,0.2908,4.7227,328.38,285.45
0.022217,1.9598,0.29049,4.7245,328.79,285.45
0.022249,1.9592,0.29017,4.7263,329.21,285.45
0.022289,1.9585,0.28985,4.728,329.63,285.45
0.022327,1.9578,0.28954,4.7298,330.04,285.45
0.022356,1.9571,0.2892,4.7317,330.5,285.45
0.022391,1.9563,0.28886,4.7337,330.95,285.45
0.022437,1.9556,0.28852,4.7356,331.41,285.45
0.022481,1.9548,0.28818,4.7376,331.87,285.45
0.022507,1.9541,0.28784,4.7395,332.33,285.45
0.022541,1.9533,0.2875,4.7415,332.8,285.45
0.022594,1.9525,0.28716,4.7435,333.27,285.45
0.022642,1.9518,0.28682,4.7455,333.73,285.45
0.022664,1.9511,0.28651,4.7473,334.17,285.45
0.022696,1.9503,0.2862,4.7492,334.61,285.45
0.022746,1.9496,0.28588,4.751,335.05,285.45
0.022792,1.9489,0.28557,4.7529,335.49,285.45
0.022816,1.9482,0.28528,4.7546,335.9,285.45
0.022847,1.9475,0.285,4.7564,336.32,285.45
0.022889,1.9469,0.28471,4.7581,336.73,285.45
0.02293,1.9462,0.28442,4.7598,337.14,285.45
0.022959,1.9455,0.28413,4.7616,337.57,285.45
0.022993,1.9448,0.28384,4.7634,338,285.45
0.023036,1.9441,0.28355,4.7652,338.42,285.45
0.023077,1.9434,0.28326,4.767,338.85,285.45
0.02311,1.9426,0.28295,4.7689,339.32,285.45
0.023149,1.9418,0.28263,4.7709,339.79,285.45
0.023197,1.9411,0.28232,4.7729,340.26,285.45
0.023243,1.9403,0.28201,4.7748,340.73,285.45
0.023276,1.9395,0.28168,4.7769,341.23,285.45
0.023317,1.9386,0.28135,4.779,341.73,285.45
0.023374,1.9378,0.28103,4.7811,342.23,285.45
0.023426,1.937,0.2807,4.7831,342.73,285.45
0.023454,1.9362,0.2804,4.7851,343.21,285.45
0.023492,1.9354,0.28009,4.7871,343.69,285.45
0.02355,1.9346,0.27978,4.7891,344.18,285.45
0.023603,1.9338,0.27947,4.7911,344.66,285.45
0.02363,1.933,0.2792,4.793,345.11,285.45
0.023666,1.9323,0.27892,4.7948,345.56,285.45
0.023716,1.9315,0.27864,4.7967,346,285.45
0.023763,1.9308,0.27836,4.7985,346.45,285.45
0.023795,1.93,0.27809,4.8003,346.89,285.45
0.023832,1.9293,0.27783,4.8022,347.33,285.45
0.023879,1.9286,0.27756,4.804,347.78,285.45
0.023924,1.9278,0.27729,4.8058,348.22,285.45
0.023961,1.927,0.277,4.8078,348.7,285.45
0.024003,1.9262,0.27672,4.8097,349.18,285.45
0.024054,1.9254,0.27643,4.8117,349.66,285.45
0.024104,1.9246,0.27615,4.8137,350.15,285.45
0.024144,1.9237,0.27584,4.8158,350.67,285.45
0.02419,1.9229,0.27553,4.818,351.2,285.45
0.024251,1.922,0.27523,4.8201,351.73,285.45
0.024307,1.9211,0.27492,4.8223,352.26,285.45
0.024343,1.9202,0.27462,4.8245,352.79,285.45
0.024389,1.9193,0.27433,4.8266,353.33,285.45
0.024455,1.9184,0.27402,4.8288,353.86,285.45
0.024516,1.9175,0.27373,4.8309,354.39,285.45
0.024548,1.9167,0.27346,4.8329,354.88,285.45
0.02459,1.9159,0.27319,4.8349,355.38,285.45
0.02465,1.9151,0.27292,4.8369,355.87,285.45
0.024706,1.9142,0.27265,4.8389,356.36,285.45
0.024741,1.9134,0.27239,4.8408,356.83,285.45
0.024783,1.9127,0.27214,4.8427,357.3,285.45
0.024835,1.9119,0.27189,4.8446,357.77,285.45
0.024887,1.9111,0.27164,4.8464,358.24,285.45
0.024928,1.9103,0.27138,4.8484,358.74,285.45
0.024974,1.9094,0.27112,4.8504,359.23,285.45
0.025029,1.9086,0.27086,4.8524,359.73,285.45
0.025083,1.9078,0.27061,4.8544,360.23,285.45
0.02513,1.9068,0.27032,4.8566,360.78,285.45
0.025182,1.9059,0.27004,4.8588,361.33,285.45
0.025247,1.905,0.26976,4.861,361.89,285.45
0.025308,1.904,0.26948,4.8632,362.44,285.45
0.025353,1.9031,0.2692,4.8655,363.02,285.45
0.025408,1.9021,0.26891,4.8678,363.6,285.45
0.025481,1.9011,0.26862,4.8701,364.18,285.45
0.02555,1.9002,0.26834,4.8724,364.76,285.45
0.025589,1.8992,0.26808,4.8746,365.31,285.45
0.02564,1.8983,0.26781,4.8768,365.86,285.45
0.025712,1.8974,0.26755,4.8789,366.41,285.45
0.025779,1.8965,0.26729,4.8811,366.96,285.45
0.025819,1.8956,0.26705,4.8831,367.47,285.45
0.025867,1.8948,0.26681,4.8851,367.99,285.45
0.025929,1.8939,0.26657,4.8871,368.5,285.45
0.025989,1.893,0.26634,4.8891,369.01,285.45
0.026035,1.8922,0.2661,4.8912,369.53,285.45
0.026087,1.8913,0.26586,4.8932,370.05,285.45
0.026148,1.8904,0.26563,4.8952,370.57,285.45
0.026207,1.8896,0.26539,4.8973,371.09,285.45
0.026261,1.8886,0.26514,4.8995,371.67,285.45
0.02632,1.8876,0.26488,4.9018,372.25,285.45
0.026389,1.8867,0.26463,4.904,372.82,285.45
0.026456,1.8857,0.26438,4.9062,373.4,285.45
0.026512,1.8847,0.26411,4.9087,374.02,285.45
0.026576,1.8836,0.26384,4.9111,374.65,285.45
0.026657,1.8826,0.26358,4.9135,375.28,285.45
0.026734,1.8815,0.26331,4.9159,375.9,285.45
0.026784,1.8805,0.26306,4.9183,376.52,285.45
0.026846,1.8795,0.2628,4.9207,377.13,285.45
0.02693,1.8784,0.26255,4.923,377.74,285.45
0.027009,1.8774,0.2623,4.9254,378.36,285.45
0.027057,1.8765,0.26207,4.9276,378.93,285.45
0.027114,1.8755,0.26184,4.9297,379.5,285.45
0.02719,1.8746,0.26161,4.9319,380.07,285.45
0.027262,1.8736,0.26139,4.9341,380.64,285.45
0.027314,1.8727,0.26117,4.9362,381.2,285.45
0.027373,1.8718,0.26095,4.9384,381.76,285.45
0.027443,1.8708,0.26073,4.9405,382.32,285.45
0.027512,1.8699,0.26052,4.9426,382.88,285.45
0.027573,1.8689,0.26029,4.9449,383.48,285.45
0.027639,1.8679,0.26006,4.9472,384.09,285.45
0.027716,1.8669,0.25983,4.9495,384.69,285.45
0.02779,1.8659,0.25961,4.9518,385.3,285.45
0.027857,1.8648,0.25936,4.9543,385.97,285.45
0.027931,1.8637,0.25912,4.9568,386.64,285.45
0.02802,1.8626,0.25888,4.9593,387.3,285.45
0.028106,1.8615,0.25863,4.9618,387.97,285.45
0.02817,1.8603,0.25839,4.9644,388.66,285.45
0.028245,1.8592,0.25815,4.967,389.34,285.45
0.028343,1.8581,0.25791,4.9695,390.02,285.45
0.028435,1.857,0.25768,4.9721,390.71,285.45
0.028494,1.8559,0.25746,4.9745,391.35,285.45
0.028565,1.8549,0.25724,4.9769,391.99,285.45
0.028657,1.8538,0.25702,4.9792,392.64,285.45
0.028744,1.8527,0.2568,4.9816,393.28,285.45
0.028806,1.8517,0.2566,4.9839,393.9,285.45
0.028876,1.8507,0.2564,4.9862,394.51,285.45
0.028959,1.8497,0.2562,4.9885,395.13,285.45
0.02904,1.8487,0.256,4.9907,395.75,285.45
0.029111,1.8476,0.25579,4.9931,396.39,285.45
0.029187,1.8466,0.25558,4.9955,397.04,285.45
0.029274,1.8455,0.25538,4.9979,397.69,285.45
0.029359,1.8445,0.25518,5.0002,398.33,285.45
0.029439,1.8433,0.25496,5.0029,399.05,285.45
0.029525,1.8421,0.25474,5.0055,399.77,285.45
0.029625,1.841,0.25452,5.0081,400.48,285.45
0.029722,1.8398,0.2543,5.0107,401.2,285.45
0.029803,1.8386,0.25408,5.0134,401.95,285.45
0.029894,1.8374,0.25385,5.0162,402.71,285.45
0.030006,1.8362,0.25363,5.0189,403.46,285.45
0.030112,1.8349,0.25341,5.0216,404.22,285.45
0.030189,1.8338,0.2532,5.0243,404.95,285.45
0.030276,1.8326,0.253,5.0269,405.68,285.45
0.030387,1.8314,0.25279,5.0295,406.41,285.45
0.030493,1.8302,0.25258,5.0322,407.14,285.45
0.030569,1.8291,0.25239,5.0346,407.83,285.45
0.030655,1.828,0.2522,5.0371,408.53,285.45
0.030757,1.8269,0.25201,5.0396,409.22,285.45
0.030856,1.8258,0.25182,5.0421,409.92,285.45
0.03094,1.8246,0.25164,5.0446,410.62,285.45
0.031031,1.8235,0.25145,5.0471,411.33,285.45
0.031133,1.8224,0.25126,5.0497,412.04,285.45
0.031234,1.8212,0.25108,5.0522,412.75,285.45
0.031329,1.82,0.25088,5.0549,413.53,285.45
0.03143,1.8188,0.25068,5.0576,414.3,285.45
0.031545,1.8176,0.25049,5.0604,415.08,285.45
0.031657,1.8163,0.25029,5.0631,415.85,285.45
0.031758,1.815,0.25009,5.066,416.68,285.45
0.031868,1.8137,0.24988,5.0689,417.51,285.45
0.031998,1.8124,0.24968,5.0718,418.35,285.45
0.032123,1.8111,0.24948,5.0747,419.18,285.45
0.032221,1.8098,0.24929,5.0776,420.01,285.45
0.032331,1.8085,0.24909,5.0805,420.83,285.45
0.032465,1.8072,0.2489,5.0834,421.66,285.45
0.032593,1.8059,0.24871,5.0863,422.49,285.45
0.03269,1.8047,0.24853,5.089,423.29,285.45
0.032798,1.8034,0.24835,5.0918,424.08,285.45
0.032925,1.8022,0.24817,5.0945,424.88,285.45
0.033049,1.8009,0.24799,5.0972,425.68,285.45
0.033152,1.7997,0.24782,5.1,426.48,285.45
0.033264,1.7985,0.24764,5.1027,427.28,285.45
0.033389,1.7972,0.24747,5.1054,428.07,285.45
0.033513,1.796,0.2473,5.1082,428.87,285.45
0.033629,1.7947,0.24712,5.1111,429.73,285.45
0.033752,1.7934,0.24694,5.114,430.59,285.45
0.033889,1.792,0.24677,5.1169,431.44,285.45
0.034023,1.7907,0.24659,5.1198,432.3,285.45
0.034149,1.7893,0.2464,5.1229,433.22,285.45
0.034284,1.7879,0.24622,5.126,434.15,285.45
0.034437,1.7865,0.24604,5.1291,435.07,285.45
0.034587,1.7851,0.24585,5.1322,435.99,285.45
0.034714,1.7837,0.24567,5.1353,436.93,285.45
0.034853,1.7823,0.24549,5.1385,437.88,285.45
0.035015,1.7808,0.24531,5.1416,438.82,285.45
0.035173,1.7794,0.24513,5.1447,439.76,285.45
0.0353,1.778,0.24497,5.1478,440.68,285.45
0.035439,1.7767,0.2448,5.1509,441.6,285.45
0.035598,1.7753,0.24463,5.1539,442.53,285.45
0.035755,1.7739,0.24446,5.1569,443.45,285.45
0.035888,1.7725,0.2443,5.16,444.37,285.45
0.036031,1.7712,0.24413,5.163,445.3,285.45
0.03619,1.7698,0.24397,5.166,446.22,285.45
0.036347,1.7684,0.24381,5.169,447.14,285.45
0.036494,1.767,0.24365,5.1722,448.12,285.45
0.036649,1.7656,0.24348,5.1753,449.09,285.45
0.036819,1.7641,0.24332,5.1785,450.07,285.45
0.036988,1.7627,0.24315,5.1816,451.04,285.45
0.037147,1.7612,0.24298,5.185,452.08,285.45
0.037317,1.7597,0.24281,5.1884,453.12,285.45
0.037505,1.7581,0.24264,5.1917,454.17,285.45
0.03769,1.7566,0.24248,5.195,455.21,285.45
0.037857,1.7551,0.24231,5.1985,456.29,285.45
0.038036,1.7535,0.24214,5.2019,457.37,285.45
0.038237,1.752,0.24197,5.2053,458.45,285.45
0.038434,1.7504,0.24181,5.2087,459.52,285.45
0.038605,1.7489,0.24165,5.2121,460.6,285.45
0.038788,1.7473,0.24148,5.2155,461.68,285.45
0.038993,1.7458,0.24132,5.2189,462.76,285.45
0.039194,1.7443,0.24116,5.2223,463.85,285.45
0.039373,1.7427,0.241,5.2257,464.94,285.45
0.039563,1.7412,0.24085,5.2291,466.03,285.45
0.039772,1.7397,0.24069,5.2325,467.12,285.45
0.039979,1.7381,0.24053,5.2359,468.21,285.45
0.040173,1.7365,0.24038,5.2394,469.35,285.45
0.040377,1.7349,0.24022,5.2429,470.49,285.45
0.040599,1.7334,0.24006,5.2464,471.63,285.45
0.04082,1.7318,0.2399,5.2499,472.77,285.45
0.041031,1.7301,0.23974,5.2536,473.98,285.45
0.041253,1.7285,0.23958,5.2573,475.19,285.45
0.041496,1.7268,0.23942,5.2609,476.4,285.45
0.041736,1.7251,0.23926,5.2646,477.61,285.45
0.041961,1.7234,0.2391,5.2684,478.87,285.45
0.042198,1.7217,0.23894,5.2721,480.13,285.45
0.042458,1.72,0.23877,5.2759,481.39,285.45
0.042715,1.7183,0.23861,5.2797,482.65,285.45
0.042951,1.7166,0.23845,5.2835,483.93,285.45
0.0432,1.7149,0.23829,5.2873,485.22,285.45
0.043472,1.7132,0.23813,5.2911,486.5,285.45
0.043741,1.7114,0.23797,5.2949,487.78,285.45
0.043992,1.7097,0.23781,5.2987,489.1,285.45
0.044254,1.708,0.23766,5.3026,490.42,285.45
0.044539,1.7062,0.2375,5.3064,491.74,285.45
0.044822,1.7045,0.23734,5.3103,493.06,285.45
0.045093,1.7027,0.23718,5.3143,494.43,285.45
0.045377,1.7009,0.23702,5.3182,495.81,285.45
0.045682,1.6991,0.23685,5.3222,497.19,285.45
0.045986,1.6974,0.23669,5.3261,498.56,285.45
0.046281,1.6955,0.23653,5.3303,500.01,285.45
0.046589,1.6936,0.23637,5.3344,501.46,285.45
0.04692,1.6918,0.2362,5.3385,502.91,285.45
0.04725,1.6899,0.23603,5.3426,504.36,285.45
0.047568,1.688,0.23587,5.3468,505.87,285.45
0.0479,1.6861,0.2357,5.3511,507.39,285.45
0.048257,1.6842,0.23553,5.3553,508.9,285.45
0.048613,1.6823,0.23536,5.3595,510.41,285.45
0.048954,1.6804,0.23519,5.3638,511.98,285.45
0.04931,1.6784,0.23502,5.3681,513.55,285.45
0.049692,1.6765,0.23485,5.3724,515.12,285.45
0.050073,1.6746,0.23468,5.3767,516.69,285.45
0.050443,1.6726,0.23451,5.3812,518.32,285.45
0.050827,1.6706,0.23433,5.3856,519.95,285.45
0.051237,1.6686,0.23416,5.39,521.58,285.45
0.051647,1.6666,0.23398,5.3944,523.22,285.45
0.052051,1.6646,0.2338,5.3989,524.93,285.45
0.05247,1.6625,0.23362,5.4035,526.64,285.45
0.052916,1.6605,0.23344,5.408,528.36,285.45
0.053361,1.6585,0.23326,5.4125,530.07,285.45
0.053804,1.6563,0.23308,5.4173,531.87,285.45
0.054262,1.6542,0.23289,5.422,533.68,285.45
0.054749,1.6521,0.2327,5.4266,535.48,285.45
0.055236,1.65,0.23251,5.4313,537.28,285.45
0.055721,1.6478,0.23232,5.4362,539.17,285.45
0.056223,1.6457,0.23212,5.441,541.07,285.45
0.056755,1.6435,0.23192,5.4458,542.96,285.45
0.057288,1.6413,0.23172,5.4506,544.85,285.45
0.057821,1.6391,0.23152,5.4556,546.84,285.45
0.058372,1.6369,0.23132,5.4606,548.83,285.45
0.058954,1.6346,0.23111,5.4655,550.82,285.45
0.059538,1.6324,0.2309,5.4704,552.8,285.45
0.060127,1.6301,0.23069,5.4756,554.9,285.45
0.060735,1.6278,0.23047,5.4807,556.99,285.45
0.061376,1.6255,0.23025,5.4858,559.09,285.45
0.06202,1.6232,0.23004,5.4908,561.18,285.45
0.062675,1.6208,0.22981,5.4961,563.4,285.45
0.063351,1.6184,0.22958,5.5014,565.61,285.45
0.064061,1.616,0.22935,5.5067,567.83,285.45
0.064775,1.6136,0.22911,5.5119,570.04,285.45
0.065506,1.6111,0.22887,5.5173,572.38,285.45
0.06626,1.6086,0.22863,5.5228,574.73,285.45
0.067051,1.6062,0.22838,5.5282,577.07,285.45
0.067847,1.6037,0.22813,5.5335,579.42,285.45
0.068668,1.6011,0.22787,5.5392,581.9,285.45
0.069513,1.5986,0.2276,5.5448,584.39,285.45
0.070398,1.596,0.22734,5.5504,586.87,285.45
0.071291,1.5934,0.22707,5.5559,589.36,285.45
0.072218,1.5908,0.22679,5.5617,592,285.45
0.073171,1.5881,0.2265,5.5675,594.64,285.45
0.074168,1.5854,0.22621,5.5732,597.29,285.45
0.075175,1.5828,0.22592,5.5788,599.93,285.45
0.076228,1.58,0.22561,5.5848,602.75,285.45
0.077311,1.5772,0.2253,5.5908,605.56,285.45
0.078441,1.5744,0.22499,5.5967,608.38,285.45
0.079585,1.5716,0.22467,5.6025,611.19,285.45
0.080789,1.5687,0.22433,5.6087,614.2,285.45
0.082028,1.5658,0.22399,5.6148,617.21,285.45
0.083319,1.5629,0.22365,5.6208,620.22,285.45
0.084629,1.56,0.2233,5.6268,623.23,285.45
0.086016,1.5569,0.22293,5.6331,626.46,285.45
0.087444,1.5538,0.22255,5.6394,629.68,285.45
0.08893,1.5508,0.22217,5.6456,632.91,285.45
0.09044,1.5478,0.22179,5.6517,636.13,285.45
0.092052,1.5445,0.22138,5.6583,639.59,285.45
0.093711,1.5413,0.22096,5.6647,643.06,285.45
0.095436,1.5381,0.22053,5.671,646.52,285.45
0.097192,1.5349,0.22011,5.6773,649.99,285.45
0.09908,1.5314,0.21965,5.6839,653.72,285.45
0.10102,1.528,0.21918,5.6905,657.46,285.45
0.10304,1.5246,0.21871,5.6969,661.19,285.45
0.1051,1.5212,0.21823,5.7033,664.92,285.45
0.10733,1.5176,0.21771,5.7101,668.96,285.45
0.10963,1.5139,0.21719,5.7167,673,285.45
0.11202,1.5103,0.21665,5.7233,677.03,285.45
0.11446,1.5067,0.21611,5.7297,681.07,285.45
0.11711,1.5028,0.21553,5.7365,685.44,285.45
0.11985,1.4989,0.21494,5.7432,689.82,285.45
0.1227,1.495,0.21433,5.7498,694.2,285.45
0.12561,1.4911,0.21372,5.7562,698.57,285.45
0.1288,1.4869,0.21306,5.763,703.33,285.45
0.13209,1.4827,0.21238,5.7697,708.08,285.45
0.13551,1.4785,0.2117,5.7762,712.84,285.45
0.13902,1.4743,0.211,5.7825,717.59,285.45
0.14287,1.4697,0.21024,5.7892,722.77,285.45
0.14686,1.4652,0.20947,5.7958,727.95,285.45
0.15099,1.4606,0.20869,5.8021,733.13,285.45
0.15524,1.456,0.2079,5.8082,738.3,285.45
0.15992,1.451,0.20703,5.8146,743.95,285.45
0.16476,1.446,0.20615,5.8208,749.6,285.45
0.16979,1.441,0.20526,5.8268,755.24,285.45
0.17494,1.436,0.20436,5.8325,760.89,285.45
0.18064,1.4305,0.20337,5.8384,767.05,285.45
0.18653,1.425,0.20237,5.8441,773.2,285.45
0.19263,1.4194,0.20136,5.8494,779.36,285.45
0.19889,1.4139,0.20034,5.8544,785.52,285.45
0.20581,1.4078,0.19923,5.8596,792.23,285.45
0.21294,1.4017,0.1981,5.8644,798.94,285.45
0.22032,1.3956,0.19697,5.8688,805.65,285.45
0.22788,1.3894,0.19583,5.8728,812.37,285.45
0.2362,1.3827,0.19459,5.8768,819.67,285.45
0.24476,1.376,0.19335,5.8803,826.97,285.45
0.25359,1.3692,0.1921,5.8833,834.28,285.45
0.26261,1.3624,0.19086,5.8859,841.58,285.45
0.27247,1.3549,0.18952,5.8883,849.52,285.45
0.28257,1.3475,0.18819,5.89,857.46,285.45
0.29296,1.34,0.18686,5.8913,865.39,285.45
0.30349,1.3325,0.18556,5.8919,873.33,285.45
0.31493,1.3244,0.18416,5.892,881.94,285.45
0.32657,1.3163,0.1828,5.8915,890.54,285.45
0.33846,1.3082,0.18146,5.8903,899.15,285.45
0.35042,1.3001,0.18016,5.8885,907.76,285.45
0.36327,1.2914,0.1788,5.8858,917.07,285.45
0.37623,1.2827,0.17749,5.8824,926.39,285.45
0.38934,1.2742,0.17624,5.8782,935.71,285.45
0.4024,1.2657,0.17505,5.8733,945.02,285.45
0.4162,1.2567,0.17385,5.8672,955.08,285.45
0.42995,1.2478,0.17274,5.8603,965.14,285.45
0.44367,1.2391,0.17172,5.8527,975.2,285.45
0.45713,1.2306,0.17079,5.8442,985.25,285.45
0.47103,1.2217,0.16992,5.8343,996.07,285.45
0.48462,1.2132,0.16917,5.8236,1006.9,285.45
0.49796,1.2049,0.16856,5.8121,1017.7,285.45
0.51072,1.197,0.16808,5.7999,1028.5,285.45
0.5234,1.1891,0.16774,5.7862,1040.1,285.45
0.53545,1.1816,0.16757,5.7717,1051.6,285.45
0.54694,1.1746,0.16757,5.7566,1063.1,285.45
0.55749,1.1682,0.16776,5.7409,1074.7,285.45
0.56722,1.1621,0.16816,5.7238,1086.8,285.45
0.57598,1.1567,0.16877,5.7063,1099,285.45
0.58385,1.152,0.16959,5.6884,1111.1,285.45
0.59041,1.148,0.17063,5.6703,1123.3,285.45
0.59535,1.1448,0.17193,5.6514,1135.7,285.45
0.59905,1.1425,0.17347,5.6326,1148.2,285.45
0.60163,1.141,0.17525,5.6137,1160.7,285.45
0.60259,1.1404,0.17726,5.595,1173.1,285.45
0.60148,1.1408,0.17949,5.5768,1185.5,285.45
0.59902,1.1421,0.18196,5.5589,1197.8,285.45
0.59538,1.1444,0.18466,5.5415,1210.1,285.45
0.59,1.1476,0.18758,5.5247,1222.5,285.45
0.58275,1.1516,0.19061,5.5092,1234.3,285.45
0.57419,1.1566,0.19385,5.4944,1246.2,285.45
0.56454,1.1625,0.19727,5.4805,1258,285.45
0.55326,1.1692,0.20089,5.4675,1269.9,285.45
0.54054,1.1766,0.20453,5.456,1281.2,285.45
0.52666,1.1848,0.20832,5.4455,1292.6,285.45
0.51183,1.1938,0.21225,5.436,1303.9,285.45
0.49565,1.2036,0.2163,5.4278,1315.3,285.45
0.4784,1.2138,0.22031,5.4209,1326.3,285.45
0.46027,1.2247,0.2244,5.4153,1337.2,285.45
0.44152,1.2363,0.22853,5.4109,1348.2,285.45
0.4218,1.2485,0.23268,5.4078,1359.1,285.45
0.40196,1.2605,0.2366,5.4061,1369.5,285.45
0.38175,1.2731,0.24047,5.4056,1379.8,285.45
0.36153,1.286,0.24424,5.4064,1390.2,285.45
0.34095,1.2993,0.24789,5.4084,1400.6,285.45
0.32202,1.3113,0.25102,5.4113,1409.8,285.45
0.30337,1.3235,0.25397,5.4151,1419,285.45
0.28541,1.3357,0.25667,5.42,1428.2,285.45
0.26778,1.3479,0.25912,5.4258,1437.5,285.45
0.25289,1.3581,0.26098,5.4315,1445.3,285.45
0.23872,1.3682,0.26259,5.4378,1453,285.45
0.22557,1.3781,0.26391,5.4448,1460.8,285.45
0.21313,1.3877,0.26493,5.4524,1468.6,285.45
0.20306,1.3954,0.26558,5.4591,1475.1,285.45
0.19374,1.4029,0.266,5.4663,1481.6,285.45
0.18534,1.4101,0.26617,5.4738,1488.1,285.45
0.17761,1.417,0.26611,5.4816,1494.6,285.45
0.17129,1.4226,0.2659,5.4886,1500.2,285.45
0.16556,1.428,0.26551,5.4959,1505.8,285.45
0.16049,1.433,0.26496,5.5033,1511.4,285.45
0.15593,1.4377,0.26425,5.5109,1517,285.45
0.15201,1.4418,0.26349,5.5181,1522.2,285.45
0.14854,1.4456,0.26261,5.5254,1527.4,285.45
0.14554,1.4491,0.26162,5.5328,1532.6,285.45
0.14289,1.4524,0.26054,5.5403,1537.8,285.45
0.14052,1.4553,0.2594,5.5478,1542.9,285.45
0.13849,1.458,0.25818,5.5553,1548,285.45
0.13682,1.4603,0.2569,5.5629,1553.1,285.45
0.13542,1.4624,0.25557,5.5706,1558.2,285.45
0.13416,1.4644,0.25412,5.5787,1563.6,285.45
0.1332,1.466,0.25264,5.5868,1569,285.45
0.13252,1.4674,0.25112,5.595,1574.4,285.45
0.13209,1.4685,0.24958,5.6031,1579.8,285.45
0.13181,1.4694,0.24784,5.6122,1585.8,285.45
0.13182,1.47,0.2461,5.6212,1591.8,285.45
0.1321,1.4702,0.24436,5.6302,1597.9,285.45
0.13261,1.4702,0.24262,5.6391,1603.9,285.45
0.13346,1.4699,0.24056,5.6497,1611.1,285.45
0.13463,1.4691,0.23853,5.6602,1618.2,285.45
0.13612,1.468,0.23653,5.6705,1625.4,285.45
0.13788,1.4666,0.23457,5.6807,1632.6,285.45
0.14017,1.4645,0.23231,5.6925,1641.1,285.45
0.14288,1.462,0.23011,5.7041,1649.5,285.45
0.14609,1.4591,0.22796,5.7153,1658,285.45
0.14959,1.4559,0.22587,5.7263,1666.5,285.45
0.15274,1.4528,0.22409,5.7358,1674,285.45
0.15624,1.4495,0.22234,5.745,1681.5,285.45
0.16017,1.4459,0.22062,5.7539,1689,285.45
0.16432,1.4421,0.21895,5.7625,1696.5,285.45
0.16791,1.4388,0.21755,5.7697,1703,285.45
0.17174,1.4352,0.21618,5.7767,1709.4,285.45
0.17582,1.4316,0.21483,5.7834,1715.9,285.45
0.18007,1.4278,0.2135,5.7899,1722.3,285.45
0.18469,1.4237,0.21212,5.7965,1729.2,285.45
0.18952,1.4195,0.21076,5.8029,1736,285.45
0.19462,1.4151,0.20942,5.809,1742.8,285.45
0.1999,1.4107,0.2081,5.8147,1749.7,285.45
0.20588,1.4056,0.20667,5.8208,1757.2,285.45
0.21212,1.4005,0.20526,5.8265,1764.8,285.45
0.21868,1.3952,0.20386,5.8318,1772.4,285.45
0.22545,1.3898,0.20248,5.8367,1780,285.45
0.23267,1.3841,0.20106,5.8414,1787.9,285.45
0.24017,1.3783,0.19965,5.8457,1795.9,285.45
0.24799,1.3723,0.19826,5.8496,1803.9,285.45
0.25602,1.3663,0.1969,5.853,1811.8,285.45
0.26453,1.3599,0.19549,5.8561,1820.2,285.45
0.2733,1.3534,0.1941,5.8587,1828.6,285.45
0.28238,1.3469,0.19273,5.8608,1836.9,285.45
0.29163,1.3403,0.19139,5.8624,1845.3,285.45
0.30149,1.3333,0.19,5.8635,1854.2,285.45
0.31157,1.3262,0.18864,5.864,1863.1,285.45
0.32193,1.3191,0.18731,5.8639,1871.9,285.45
0.3324,1.3119,0.18602,5.8632,1880.8,285.45
0.34349,1.3043,0.1847,5.8619,1890.3,285.45
0.35473,1.2967,0.18343,5.8598,1899.8,285.45
0.36616,1.2892,0.18221,5.8572,1909.3,285.45
0.37759,1.2817,0.18104,5.8538,1918.7,285.45
0.38954,1.2738,0.17988,5.8495,1928.8,285.45
0.4015,1.2659,0.17879,5.8446,1939,285.45
0.41352,1.2582,0.17778,5.8389,1949.1,285.45
0.42536,1.2507,0.17685,5.8325,1959.2,285.45
0.43749,1.2428,0.17597,5.825,1969.9,285.45
0.44943,1.2352,0.17519,5.8167,1980.7,285.45
0.46124,1.2278,0.17453,5.8078,1991.4,285.45
0.47262,1.2207,0.17398,5.7982,2002.1,285.45
0.4839,1.2135,0.17354,5.7874,2013.5,285.45
0.49474,1.2067,0.17324,5.7759,2024.9,285.45
0.5052,1.2003,0.17308,5.7638,2036.3,285.45
0.51493,1.1943,0.17308,5.7512,2047.6,285.45
0.52401,1.1886,0.17325,5.7374,2059.6,285.45
0.53236,1.1833,0.17359,5.7232,2071.5,285.45
0.54007,1.1787,0.17411,5.7086,2083.4,285.45
0.54673,1.1747,0.1748,5.6937,2095.3,285.45
0.55212,1.1712,0.17572,5.678,2107.6,285.45
0.55653,1.1684,0.17683,5.6623,2119.8,285.45
0.56007,1.1663,0.17814,5.6464,2132.1,285.45
0.56229,1.1649,0.17965,5.6306,2144.3,285.45
0.56279,1.1644,0.18137,5.6149,2156.6,285.45
0.56216,1.1646,0.18328,5.5994,2168.9,285.45
0.56057,1.1657,0.18539,5.5841,2181.1,285.45
0.55751,1.1675,0.1877,5.5693,2193.4,285.45
0.55272,1.1701,0.19014,5.5553,2205.3,285.45
0.54681,1.1735,0.19275,5.5419,2217.3,285.45
0.53996,1.1777,0.19553,5.529,2229.2,285.45
0.53168,1.1827,0.19848,5.5169,2241.2,285.45
0.52197,1.1883,0.20149,5.506,2252.7,285.45
0.51124,1.1947,0.20462,5.4959,2264.3,285.45
0.49969,1.2017,0.20788,5.4866,2275.8,285.45
0.4869,1.2095,0.21125,5.4784,2287.3,285.45
0.47306,1.2177,0.21461,5.4713,2298.5,285.45
0.45841,1.2265,0.21803,5.4653,2309.6,285.45
0.4432,1.236,0.2215,5.4603,2320.8,285.45
0.42708,1.246,0.225,5.4564,2331.9,285.45
0.41056,1.256,0.22835,5.4537,2342.5,285.45
0.39363,1.2664,0.23168,5.4521,2353.1,285.45
0.37659,1.2773,0.23494,5.4516,2363.8,285.45
0.3591,1.2885,0.23813,5.4522,2374.4,285.45
0.3424,1.299,0.24096,5.4538,2384.1,285.45
0.32581,1.3097,0.24366,5.4562,2393.8,285.45
0.30965,1.3205,0.24619,5.4596,2403.5,285.45
0.29361,1.3313,0.24853,5.464,2413.3,285.45
0.27936,1.3408,0.25042,5.4686,2421.8,285.45
0.26562,1.3503,0.25211,5.4738,2430.3,285.45
0.25268,1.3596,0.25356,5.4798,2438.9,285.45
0.24026,1.3687,0.25477,5.4864,2447.4,285.45
0.2297,1.3764,0.25563,5.4926,2454.8,285.45
0.21982,1.3838,0.25627,5.4993,2462.2,285.45
0.21078,1.391,0.25669,5.5063,2469.6,285.45
0.20235,1.3979,0.25689,5.5138,2477,285.45
0.19523,1.4037,0.2569,5.5207,2483.5,285.45
0.18873,1.4092,0.25674,5.5279,2490,285.45
0.18294,1.4144,0.2564,5.5353,2496.6,285.45
0.17767,1.4193,0.2559,5.543,2503.1,285.45
0.17312,1.4235,0.25532,5.5502,2509.1,285.45
0.16907,1.4274,0.2546,5.5577,2515.2,285.45
0.16556,1.431,0.25377,5.5652,2521.2,285.45
0.16246,1.4343,0.25282,5.5729,2527.2,285.45
0.15971,1.4372,0.25181,5.5805,2533.2,285.45
0.15736,1.4399,0.25072,5.5883,2539.1,285.45
0.15544,1.4422,0.24954,5.5961,2545.1,285.45
0.15385,1.4442,0.24831,5.6039,2551,285.45
0.15245,1.446,0.24696,5.6122,2557.2,285.45
0.15141,1.4475,0.24556,5.6205,2563.4,285.45
0.15074,1.4487,0.24412,5.6288,2569.6,285.45
0.15035,1.4496,0.24265,5.6371,2575.8,285.45
0.1502,1.4502,0.24099,5.6463,2582.8,285.45
0.15039,1.4505,0.23931,5.6554,2589.7,285.45
0.15094,1.4505,0.23762,5.6646,2596.6,285.45
0.15178,1.4501,0.23593,5.6736,2603.6,285.45
0.1531,1.4493,0.23392,5.6843,2611.9,285.45
0.15484,1.448,0.23192,5.6948,2620.2,285.45
0.15699,1.4463,0.22994,5.7051,2628.4,285.45
0.15949,1.4443,0.228,5.7152,2636.7,285.45
0.16262,1.4416,0.22583,5.7264,2646.2,285.45
0.16626,1.4384,0.2237,5.7374,2655.7,285.45
0.17054,1.4348,0.2216,5.7479,2665.2,285.45
0.17517,1.4309,0.21956,5.7581,2674.6,285.45
0.17921,1.4273,0.21786,5.7665,2682.8,285.45
0.18365,1.4234,0.21618,5.7746,2690.9,285.45
0.18859,1.4194,0.21452,5.7824,2699.1,285.45
0.19378,1.4151,0.2129,5.7898,2707.3,285.45
0.19836,1.4112,0.21152,5.796,2714.4,285.45
0.20321,1.4071,0.21015,5.8019,2721.5,285.45
0.20835,1.403,0.2088,5.8075,2728.7,285.45
0.21369,1.3987,0.20747,5.8129,2735.8,285.45
0.21956,1.3939,0.20607,5.8183,2743.5,285.45
0.2257,1.3891,0.20468,5.8233,2751.2,285.45
0.23213,1.3841,0.20331,5.828,2758.9,285.45
0.23877,1.379,0.20197,5.8323,2766.6,285.45
0.24621,1.3733,0.20051,5.8366,2775,285.45
0.25393,1.3674,0.19908,5.8405,2783.5,285.45
0.262,1.3615,0.19766,5.8438,2792,285.45
0.27026,1.3555,0.19628,5.8467,2800.4,285.45
0.27898,1.3491,0.19486,5.8492,2809.3,285.45
0.28797,1.3426,0.19347,5.8512,2818.2,285.45
0.29728,1.3361,0.1921,5.8526,2827,285.45
0.30674,1.3295,0.19077,5.8535,2835.9,285.45
0.31661,1.3225,0.18942,5.8538,2845.2,285.45
0.32669,1.3156,0.18811,5.8535,2854.5,285.45
0.33702,1.3086,0.18684,5.8526,2863.7,285.45
0.34742,1.3016,0.18562,5.8511,2873,285.45
0.35831,1.2943,0.18438,5.8489,2882.8,285.45
0.36929,1.2869,0.18321,5.846,2892.6,285.45
0.38043,1.2797,0.18209,5.8425,2902.4,285.45
0.39151,1.2725,0.18104,5.8383,2912.3,285.45
0.40297,1.2649,0.18001,5.8332,2922.7,285.45
0.41439,1.2575,0.17907,5.8273,2933.1,285.45
0.42581,1.2503,0.17821,5.8208,2943.5,285.45
0.43696,1.2432,0.17744,5.8137,2954,285.45
0.44822,1.2359,0.17675,5.8054,2965,285.45
0.45922,1.2289,0.17617,5.7964,2976.1,285.45
0.47002,1.2222,0.1757,5.7869,2987.1,285.45
0.4803,1.2158,0.17537,5.7767,2998.1,285.45
0.49024,1.2095,0.17516,5.7654,3009.7,285.45
0.49967,1.2036,0.1751,5.7536,3021.3,285.45
0.50865,1.1981,0.17519,5.7412,3032.9,285.45
0.51682,1.1931,0.17543,5.7285,3044.5,285.45
0.52412,1.1884,0.17586,5.7148,3056.6,285.45
0.53063,1.1843,0.17645,5.7008,3068.6,285.45
0.53647,1.1808,0.17723,5.6865,3080.6,285.45
0.54122,1.1779,0.17818,5.6721,3092.7,285.45
0.54456,1.1757,0.17934,5.6573,3104.9,285.45
0.54692,1.1741,0.18068,5.6425,3117.1,285.45
0.54844,1.1733,0.18221,5.6277,3129.4,285.45
0.54865,1.1731,0.18393,5.6131,3141.6,285.45
0.54719,1.1738,0.18582,5.5988,3153.7,285.45
0.54467,1.1751,0.18789,5.5849,3165.9,285.45
0.54125,1.1773,0.19014,5.5714,3178,285.45
0.53647,1.1802,0.19256,5.5583,3190.1,285.45
0.53011,1.1837,0.19508,5.5462,3201.9,285.45
0.52273,1.1881,0.19775,5.5347,3213.7,285.45
0.51452,1.1931,0.20056,5.5238,3225.5,285.45
0.50502,1.1989,0.20351,5.5138,3237.3,285.45
0.49427,1.2052,0.20649,5.5048,3248.7,285.45
0.48263,1.2121,0.20957,5.4967,3260.1,285.45
0.47032,1.2197,0.21273,5.4895,3271.6,285.45
0.45696,1.2279,0.21597,5.4833,3283,285.45
0.44279,1.2364,0.21914,5.4782,3293.9,285.45
0.42802,1.2454,0.22235,5.4742,3304.9,285.45
0.41289,1.2549,0.22555,5.4711,3315.9,285.45
0.39705,1.2648,0.22875,5.4691,3326.9,285.45
0.38122,1.2746,0.23173,5.4682,3337.2,285.45
0.36521,1.2846,0.23464,5.4683,3347.6,285.45
0.3493,1.295,0.23746,5.4694,3357.9,285.45
0.33317,1.3055,0.24015,5.4714,3368.2,285.45
0.31811,1.3152,0.24248,5.4742,3377.6,285.45
0.30331,1.3249,0.24466,5.4777,3387,285.45
0.28908,1.3346,0.24663,5.4821,3396.4,285.45
0.27512,1.3443,0.24841,5.4872,3405.7,285.45
0.26282,1.3528,0.24981,5.4924,3414,285.45
0.25108,1.3611,0.25101,5.4981,3422.2,285.45
0.24014,1.3692,0.25198,5.5044,3430.5,285.45
0.22973,1.377,0.25273,5.5112,3438.8,285.45
0.22082,1.3837,0.25321,5.5177,3446,285.45
0.21254,1.3901,0.25351,5.5245,3453.3,285.45
0.20504,1.3963,0.2536,5.5316,3460.6,285.45
0.19811,1.4021,0.2535,5.5391,3467.8,285.45
0.19214,1.4071,0.25327,5.5461,3474.4,285.45
0.18674,1.4118,0.25289,5.5533,3481,285.45
0.18197,1.4162,0.25235,5.5608,3487.6,285.45
0.17769,1.4202,0.25168,5.5684,3494.2,285.45
0.17391,1.4238,0.25094,5.5758,3500.4,285.45
0.17061,1.4271,0.25008,5.5834,3506.7,285.45
0.16781,1.43,0.24912,5.591,3513,285.45
0.16539,1.4327,0.24807,5.5988,3519.3,285.45
0.16324,1.435,0.24694,5.6067,3525.6,285.45
0.16149,1.4371,0.24574,5.6147,3532,285.45
0.16015,1.4388,0.24447,5.6227,3538.4,285.45
0.15915,1.4402,0.24316,5.6308,3544.7,285.45
0.15835,1.4414,0.2417,5.6394,3551.6,285.45
0.15793,1.4423,0.2402,5.6481,3558.4,285.45
0.15788,1.4428,0.23867,5.6567,3565.3,285.45
0.15814,1.443,0.23712,5.6653,3572.1,285.45
0.15877,1.4428,0.23533,5.6752,3580,285.45
0.15979,1.4423,0.23353,5.6849,3587.9,285.45
0.16121,1.4414,0.23173,5.6944,3595.8,285.45
0.16297,1.4401,0.22994,5.7039,3603.7,285.45
0.16544,1.4381,0.22781,5.715,3613.2,285.45
0.16842,1.4357,0.22571,5.7259,3622.7,285.45
0.17197,1.4328,0.22363,5.7364,3632.2,285.45
0.17591,1.4296,0.2216,5.7466,3641.7,285.45
0.17991,1.4261,0.21968,5.7561,3650.9,285.45
0.1844,1.4222,0.2178,5.7653,3660.1,285.45
0.18953,1.4181,0.21593,5.7741,3669.3,285.45
0.19496,1.4137,0.2141,5.7825,3678.5,285.45
0.19955,1.4098,0.21261,5.7892,3686.3,285.45
0.20447,1.4057,0.21115,5.7956,3694,285.45
0.20977,1.4015,0.20969,5.8017,3701.7,285.45
0.21529,1.3971,0.20826,5.8074,3709.5,285.45
0.22079,1.3927,0.20689,5.8127,3717,285.45
0.22654,1.3882,0.20554,5.8176,3724.6,285.45
0.23258,1.3835,0.20421,5.8222,3732.2,285.45
0.23881,1.3788,0.2029,5.8265,3739.7,285.45
0.24591,1.3733,0.20146,5.8308,3748.2,285.45
0.25329,1.3678,0.20004,5.8347,3756.6,285.45
0.261,1.3621,0.19864,5.8382,3765.1,285.45
0.26891,1.3563,0.19727,5.8412,3773.5,285.45
0.27743,1.3501,0.19585,5.8438,3782.5,285.45
0.28622,1.3437,0.19445,5.846,3791.5,285.45
0.29534,1.3373,0.19307,5.8476,3800.5,285.45
0.30461,1.3309,0.19173,5.8486,3809.5,285.45
0.31424,1.3241,0.19039,5.8491,3818.9,285.45
0.32409,1.3173,0.18908,5.849,3828.3,285.45
0.3342,1.3105,0.18781,5.8483,3837.6,285.45
0.34438,1.3036,0.18659,5.847,3847,285.45
0.35494,1.2965,0.18537,5.845,3856.8,285.45
0.36562,1.2893,0.1842,5.8424,3866.7,285.45
0.37645,1.2822,0.18309,5.8391,3876.5,285.45
0.38723,1.2752,0.18205,5.8352,3886.3,285.45
0.39837,1.2679,0.18103,5.8304,3896.7,285.45
0.40947,1.2607,0.18008,5.8249,3907.2,285.45
0.42058,1.2536,0.17923,5.8188,3917.6,285.45
0.43145,1.2467,0.17846,5.812,3928,285.45
0.44243,1.2396,0.17776,5.8042,3939,285.45
0.45317,1.2327,0.17717,5.7956,3950,285.45
0.46373,1.2262,0.1767,5.7865,3961.1,285.45
0.4738,1.2199,0.17634,5.7768,3972.1,285.45
0.48355,1.2137,0.17611,5.766,3983.7,285.45
0.49282,1.2078,0.17603,5.7546,3995.3,285.45
0.50167,1.2024,0.17608,5.7428,4006.8,285.45
0.50975,1.1974,0.17629,5.7305,4018.4,285.45
0.51698,1.1928,0.17667,5.7174,4030.4,285.45
0.52347,1.1887,0.17722,5.7039,4042.4,285.45
0.52932,1.1852,0.17793,5.6902,4054.4,285.45
0.53412,1.1823,0.17882,5.6762,4066.4,285.45
0.53757,1.18,0.17991,5.6619,4078.6,285.45
0.54008,1.1783,0.18118,5.6476,4090.8,285.45
0.54179,1.1773,0.18263,5.6333,4103,285.45
0.54225,1.1771,0.18426,5.6191,4115.2,285.45
0.54109,1.1775,0.18606,5.6053,4127.3,285.45
0.53891,1.1787,0.18803,5.5917,4139.4,285.45
0.53586,1.1806,0.19018,5.5785,4151.5,285.45
0.53149,1.1833,0.19249,5.5658,4163.6,285.45
0.52557,1.1866,0.1949,5.5539,4175.5,285.45
0.51866,1.1906,0.19747,5.5425,4187.3,285.45
0.51094,1.1954,0.20017,5.5318,4199.1,285.45
0.50198,1.2008,0.20301,5.5219,4210.9,285.45
0.49174,1.2068,0.20588,5.513,4222.3,285.45
0.48065,1.2134,0.20885,5.5049,4233.8,285.45
0.4689,1.2207,0.2119,5.4978,4245.3,285.45
0.45611,1.2285,0.21503,5.4915,4256.7,285.45
0.4425,1.2367,0.21811,5.4864,4267.7,285.45
0.42829,1.2453,0.22121,5.4822,4278.8,285.45
0.41373,1.2545,0.22432,5.479,4289.8,285.45
0.39846,1.2641,0.22742,5.4769,4300.8,285.45
0.38316,1.2735,0.23032,5.4758,4311.2,285.45
0.36764,1.2832,0.23316,5.4757,4321.6,285.45
0.35222,1.2932,0.2359,5.4765,4332,285.45
0.33657,1.3034,0.23854,5.4783,4342.4,285.45
0.32184,1.3129,0.24083,5.4808,4351.8,285.45
0.30736,1.3224,0.24297,5.4841,4361.3,285.45
0.2934,1.3319,0.24494,5.4882,4370.8,285.45
0.27968,1.3414,0.24671,5.4931,4380.2,285.45
0.26748,1.3497,0.24812,5.498,4388.6,285.45
0.25581,1.3579,0.24933,5.5036,4397,285.45
0.24491,1.3659,0.25033,5.5097,4405.4,285.45
0.23453,1.3736,0.25111,5.5164,4413.8,285.45
0.22556,1.3803,0.25163,5.5227,4421.2,285.45
0.21721,1.3867,0.25196,5.5294,4428.7,285.45
0.20963,1.3928,0.25209,5.5364,4436.1,285.45
0.20261,1.3986,0.25204,5.5438,4443.5,285.45
0.19654,1.4036,0.25185,5.5508,4450.3,285.45
0.19103,1.4084,0.2515,5.558,4457,285.45
0.18617,1.4128,0.251,5.5654,4463.8,285.45
0.18179,1.4168,0.25037,5.573,4470.5,285.45
0.17793,1.4204,0.24966,5.5804,4477,285.45
0.17454,1.4237,0.24884,5.5879,4483.4,285.45
0.17167,1.4266,0.2479,5.5956,4489.9,285.45
0.1692,1.4293,0.24688,5.6033,4496.3,285.45
0.16699,1.4317,0.24578,5.6112,4502.8,285.45
0.1652,1.4337,0.2446,5.6192,4509.3,285.45
0.16384,1.4354,0.24336,5.6272,4515.9,285.45
0.16281,1.4368,0.24206,5.6352,4522.4,285.45
0.162,1.438,0.24062,5.6439,4529.4,285.45
0.16158,1.4388,0.23915,5.6525,4536.4,285.45
0.16155,1.4393,0.23763,5.6612,4543.4,285.45
0.16184,1.4395,0.2361,5.6697,4550.4,285.45
0.1625,1.4393,0.23433,5.6795,4558.4,285.45
0.16357,1.4387,0.23255,5.6892,4566.5,285.45
0.16506,1.4377,0.23076,5.6987,4574.6,285.45
0.1669,1.4364,0.22898,5.708,4582.6,285.45
0.16946,1.4343,0.22688,5.719,4592.3,285.45
0.17254,1.4318,0.2248,5.7297,4601.9,285.45
0.17621,1.4289,0.22275,5.7401,4611.6,285.45
0.18028,1.4256,0.22073,5.7501,4621.2,285.45
0.1844,1.422,0.21883,5.7594,4630.6,285.45
0.18902,1.4181,0.21696,5.7684,4639.9,285.45
0.19428,1.4139,0.21511,5.777,4649.2,285.45
0.19985,1.4095,0.2133,5.7851,4658.6,285.45
0.20457,1.4055,0.21181,5.7916,4666.4,285.45
0.20962,1.4014,0.21035,5.7978,4674.3,285.45
0.21506,1.3971,0.2089,5.8037,4682.1,285.45
0.22073,1.3927,0.20748,5.8092,4690,285.45
0.22637,1.3882,0.20611,5.8143,4697.7,285.45
0.23227,1.3836,0.20476,5.819,4705.4,285.45
0.23846,1.3789,0.20343,5.8233,4713,285.45
0.24485,1.3741,0.20212,5.8274,4720.7,285.45
0.25211,1.3686,0.20069,5.8314,4729.3,285.45
0.25965,1.363,0.19928,5.835,4737.9,285.45
0.26751,1.3572,0.19789,5.8381,4746.5,285.45
0.27558,1.3514,0.19653,5.8408,4755,285.45
0.28425,1.3451,0.19511,5.8431,4764.2,285.45
0.29318,1.3387,0.19373,5.8449,4773.4,285.45
0.30245,1.3323,0.19237,5.8461,4782.5,285.45
0.31185,1.3258,0.19105,5.8467,4791.7,285.45
0.32158,1.319,0.18973,5.8468,4801.2,285.45
0.33152,1.3122,0.18844,5.8463,4810.7,285.45
0.3417,1.3053,0.18721,5.8452,4820.2,285.45
0.35194,1.2985,0.18602,5.8434,4829.7,285.45
0.36251,1.2914,0.18484,5.841,4839.6,285.45
0.37317,1.2843,0.18371,5.8379,4849.6,285.45
0.38397,1.2773,0.18265,5.8341,4859.5,285.45
0.39468,1.2703,0.18167,5.8298,4869.5,285.45
0.40569,1.2631,0.18071,5.8245,4880,285.45
0.41663,1.256,0.17983,5.8185,4890.6,285.45
0.42756,1.2491,0.17905,5.8119,4901.1,285.45
0.4382,1.2424,0.17836,5.8046,4911.7,285.45
0.44888,1.2355,0.17774,5.7963,4922.8,285.45
0.45928,1.2289,0.17724,5.7874,4934,285.45
0.46946,1.2225,0.17686,5.7778,4945.1,285.45
0.47911,1.2165,0.17661,5.7677,4956.3,285.45
0.48834,1.2106,0.17649,5.7566,4967.9,285.45
0.49704,1.2052,0.17652,5.745,4979.6,285.45
0.5053,1.2001,0.17669,5.7329,4991.3,285.45
0.51274,1.1956,0.17701,5.7204,5003,285.45
0.51922,1.1914,0.17752,5.7071,5015,285.45
0.52493,1.1878,0.1782,5.6936,5027.1,285.45
0.52998,1.1848,0.17904,5.6798,5039.1,285.45
0.53396,1.1823,0.18006,5.6659,5051.2,285.45
0.53652,1.1806,0.18127,5.6519,5063.4,285.45
0.53813,1.1794,0.18266,5.6378,5075.6,285.45
0.53894,1.179,0.18422,5.6238,5087.8,285.45
0.53849,1.1793,0.18596,5.61,5099.9,285.45
0.53644,1.1803,0.18786,5.5967,5112,285.45
0.53338,1.182,0.18993,5.5836,5124,285.45
0.52948,1.1844,0.19215,5.5711,5136.1,285.45
0.52428,1.1876,0.19454,5.559,5148.1,285.45
0.5176,1.1914,0.19702,5.5477,5159.8,285.45
0.50996,1.1959,0.19964,5.5371,5171.6,285.45
0.50154,1.201,0.20238,5.5272,5183.3,285.45
0.49192,1.2069,0.20525,5.518,5195.1,285.45
0.48111,1.2133,0.20814,5.51,5206.5,285.45
0.46949,1.2202,0.21112,5.5027,5217.9,285.45
0.45727,1.2278,0.21416,5.4963,5229.2,285.45
0.44408,1.2359,0.21726,5.4909,5240.6,285.45
0.4302,1.2443,0.22029,5.4866,5251.6,285.45
0.4158,1.2531,0.22333,5.4833,5262.5,285.45
0.40112,1.2624,0.22635,5.4809,5273.5,285.45
0.38584,1.272,0.22934,5.4796,5284.4,285.45
0.3707,1.2814,0.23211,5.4793,5294.6,285.45
0.35546,1.2911,0.23479,5.4799,5304.9,285.45
0.34039,1.3009,0.23737,5.4814,5315.1,285.45
0.32518,1.3109,0.23981,5.4838,5325.4,285.45
0.31103,1.3201,0.24192,5.4869,5334.7,285.45
0.29719,1.3293,0.24386,5.4907,5343.9,285.45
0.28394,1.3384,0.24561,5.4952,5353.2,285.45
0.27098,1.3475,0.24716,5.5004,5362.5,285.45
0.2595,1.3554,0.24837,5.5057,5370.7,285.45
0.24859,1.3632,0.24939,5.5115,5379,285.45
0.23845,1.3707,0.2502,5.5178,5387.2,285.45
0.22884,1.378,0.25079,5.5246,5395.4,285.45
0.22052,1.3843,0.25116,5.531,5402.8,285.45
0.21282,1.3903,0.25135,5.5378,5410.1,285.45
0.20585,1.396,0.25134,5.5449,5417.4,285.45
0.19943,1.4015,0.25116,5.5523,5424.8,285.45
0.19385,1.4061,0.25086,5.5594,5431.5,285.45
0.18883,1.4105,0.25041,5.5666,5438.3,285.45
0.18441,1.4146,0.24982,5.5741,5445,285.45
0.18046,1.4183,0.24911,5.5817,5451.7,285.45
0.17696,1.4216,0.24832,5.5892,5458.2,285.45
0.17392,1.4246,0.24743,5.5968,5464.7,285.45
0.17138,1.4273,0.24643,5.6045,5471.2,285.45
0.16922,1.4297,0.24536,5.6123,5477.7,285.45
0.16731,1.4318,0.24419,5.6203,5484.4,285.45
0.16581,1.4335,0.24296,5.6284,5491.1,285.45
0.16473,1.435,0.24167,5.6365,5497.7,285.45
0.16399,1.4361,0.24033,5.6447,5504.4,285.45
0.16348,1.437,0.23883,5.6535,5511.7,285.45
0.16336,1.4375,0.2373,5.6623,5518.9,285.45
0.16364,1.4377,0.23574,5.6711,5526.2,285.45
0.16425,1.4376,0.23416,5.6798,5533.4,285.45
0.16531,1.437,0.23232,5.6898,5541.9,285.45
0.1668,1.436,0.23048,5.6997,5550.3,285.45
0.16873,1.4346,0.22863,5.7094,5558.8,285.45
0.17103,1.4328,0.22681,5.7189,5567.3,285.45
0.17408,1.4303,0.2247,5.7298,5577.2,285.45
0.17767,1.4274,0.22261,5.7404,5587.1,285.45
0.18191,1.424,0.22055,5.7506,5597.1,285.45
0.18656,1.4203,0.21853,5.7604,5607,285.45
0.1909,1.4165,0.21674,5.7689,5616.1,285.45
0.19572,1.4125,0.21498,5.7771,5625.1,285.45
0.20115,1.4082,0.21324,5.7849,5634.1,285.45
0.20685,1.4037,0.21153,5.7922,5643.2,285.45
0.21176,1.3997,0.2101,5.7982,5650.9,285.45
0.21696,1.3955,0.2087,5.8038,5658.6,285.45
0.22252,1.3912,0.20731,5.8092,5666.3,285.45
0.22829,1.3867,0.20594,5.8142,5674,285.45
0.23432,1.382,0.20457,5.8189,5682,285.45
0.24061,1.3772,0.20321,5.8233,5689.9,285.45
0.2472,1.3722,0.20188,5.8273,5697.8,285.45
0.25398,1.3672,0.20056,5.8309,5705.7,285.45
0.26166,1.3615,0.19912,5.8345,5714.5,285.45
0.26962,1.3556,0.19771,5.8376,5723.3,285.45
0.27792,1.3497,0.19633,5.8402,5732.1,285.45
0.2864,1.3436,0.19497,5.8423,5740.9,285.45
0.29539,1.3372,0.19357,5.844,5750.2,285.45
0.30463,1.3307,0.19221,5.8451,5759.6,285.45
0.31418,1.3241,0.19089,5.8456,5768.9,285.45
0.32385,1.3175,0.1896,5.8456,5778.2,285.45
0.33382,1.3106,0.18832,5.8449,5787.8,285.45
0.34395,1.3037,0.18708,5.8436,5797.5,285.45
0.35431,1.2969,0.1859,5.8417,5807.1,285.45
0.36469,1.29,0.18477,5.8392,5816.8,285.45
0.37537,1.2829,0.18365,5.836,5826.9,285.45
0.38611,1.2758,0.1826,5.832,5837.1,285.45
0.39694,1.2688,0.18162,5.8275,5847.2,285.45
0.40763,1.2619,0.18071,5.8223,5857.3,285.45
0.41856,1.2548,0.17985,5.8161,5868.1,285.45
0.42935,1.2479,0.17908,5.8093,5878.8,285.45
0.44008,1.2411,0.17841,5.8018,5889.5,285.45
0.45045,1.2346,0.17785,5.7937,5900.3,285.45
0.46073,1.228,0.17737,5.7846,5911.6,285.45
0.47066,1.2217,0.17702,5.7748,5922.9,285.45
0.48031,1.2157,0.1768,5.7645,5934.3,285.45
0.48934,1.2101,0.17672,5.7536,5945.6,285.45
0.49779,1.2047,0.17678,5.7418,5957.4,285.45
0.50564,1.1998,0.17699,5.7296,5969.2,285.45
0.51297,1.1953,0.17736,5.717,5981,285.45
0.51941,1.1914,0.17789,5.704,5992.8,285.45
0.52473,1.1879,0.17861,5.6904,6005,285.45
0.52924,1.1851,0.1795,5.6767,6017.1,285.45
0.53303,1.1828,0.18055,5.6628,6029.2,285.45
0.53569,1.1812,0.18179,5.6489,6041.3,285.45
0.53684,1.1803,0.18321,5.635,6053.5,285.45
0.53702,1.18,0.18481,5.6212,6065.6,285.45
0.53639,1.1805,0.18658,5.6076,6077.8,285.45
0.53448,1.1816,0.18852,5.5943,6090,285.45
0.531,1.1835,0.19059,5.5816,6101.9,285.45
0.52652,1.1861,0.19283,5.5693,6113.8,285.45
0.52122,1.1893,0.19521,5.5575,6125.8,285.45
0.51465,1.1933,0.19774,5.5464,6137.7,285.45
0.50668,1.1979,0.20035,5.5361,6149.4,285.45
0.49779,1.2032,0.20308,5.5265,6161,285.45
0.48817,1.2091,0.20592,5.5177,6172.6,285.45
0.47742,1.2157,0.20887,5.5097,6184.3,285.45
0.4656,1.2227,0.21181,5.5028,6195.6,285.45
0.45305,1.2302,0.21482,5.4967,6206.8,285.45
0.43999,1.2384,0.21788,5.4916,6218.1,285.45
0.42606,1.247,0.22096,5.4875,6229.4,285.45
0.41166,1.2558,0.22393,5.4845,6240.2,285.45
0.39687,1.2649,0.22688,5.4824,6250.9,285.45
0.38194,1.2744,0.22979,5.4813,6261.7,285.45
0.36655,1.2843,0.23263,5.4812,6272.5,285.45
0.35161,1.2936,0.23521,5.482,6282.4,285.45
0.33669,1.3032,0.23767,5.4837,6292.4,285.45
0.3221,1.3129,0.24,5.4863,6302.4,285.45
0.30752,1.3226,0.24217,5.4897,6312.4,285.45
0.29417,1.3314,0.24399,5.4935,6321.3,285.45
0.28123,1.3402,0.24564,5.498,6330.3,285.45
0.26895,1.3488,0.24708,5.5032,6339.2,285.45
0.25707,1.3573,0.24832,5.5091,6348.2,285.45
0.24663,1.3647,0.24925,5.5147,6356.2,285.45
0.23678,1.3719,0.24999,5.5209,6364.1,285.45
0.22771,1.3789,0.25051,5.5275,6372.1,285.45
0.21919,1.3855,0.25084,5.5346,6380,285.45
0.21181,1.3913,0.25098,5.5412,6387.2,285.45
0.20503,1.3967,0.25095,5.5482,6394.3,285.45
0.19895,1.4019,0.25074,5.5554,6401.5,285.45
0.19339,1.4067,0.25037,5.5629,6408.6,285.45
0.18853,1.4109,0.2499,5.5701,6415.3,285.45
0.18419,1.4148,0.2493,5.5774,6422,285.45
0.18043,1.4184,0.24858,5.5849,6428.6,285.45
0.1771,1.4217,0.24774,5.5926,6435.3,285.45
0.17414,1.4246,0.24683,5.6002,6441.8,285.45
0.17162,1.4272,0.24582,5.608,6448.4,285.45
0.16957,1.4294,0.24473,5.6158,6454.9,285.45
0.16789,1.4314,0.24357,5.6237,6461.5,285.45
0.16643,1.4331,0.2423,5.6319,6468.3,285.45
0.16538,1.4345,0.24098,5.6402,6475.2,285.45
0.16473,1.4355,0.2396,5.6485,6482,285.45
0.16442,1.4363,0.23819,5.6568,6488.9,285.45
0.16438,1.4367,0.23659,5.6659,6496.5,285.45
0.16475,1.4368,0.23496,5.6751,6504.1,285.45
0.16552,1.4365,0.23332,5.6841,6511.7,285.45
0.16663,1.4359,0.23167,5.693,6519.3,285.45
0.16831,1.4347,0.22972,5.7035,6528.4,285.45
0.17047,1.4331,0.22777,5.7137,6537.4,285.45
0.17311,1.4311,0.22583,5.7237,6546.5,285.45
0.17616,1.4286,0.22392,5.7335,6555.5,285.45
0.17979,1.4256,0.22186,5.7439,6565.5,285.45
0.18399,1.4221,0.21983,5.7539,6575.4,285.45
0.18888,1.4182,0.21782,5.7635,6585.4,285.45
0.19415,1.414,0.21585,5.7727,6595.4,285.45
0.19872,1.4101,0.21421,5.7803,6603.9,285.45
0.20372,1.406,0.21259,5.7874,6612.5,285.45
0.20923,1.4017,0.21099,5.7942,6621,285.45
0.21499,1.3972,0.20941,5.8007,6629.6,285.45
0.22018,1.393,0.20804,5.806,6637.2,285.45
0.22565,1.3887,0.20669,5.8111,6644.8,285.45
0.23143,1.3842,0.20535,5.8159,6652.4,285.45
0.23741,1.3797,0.20403,5.8203,6660.1,285.45
0.24401,1.3746,0.20264,5.8246,6668.3,285.45
0.25087,1.3694,0.20126,5.8286,6676.5,285.45
0.25804,1.3641,0.1999,5.8322,6684.8,285.45
0.2654,1.3588,0.19857,5.8353,6693,285.45
0.27359,1.3527,0.19714,5.8383,6702.1,285.45
0.28205,1.3466,0.19574,5.8407,6711.1,285.45
0.29085,1.3404,0.19436,5.8426,6720.2,285.45
0.29982,1.3341,0.19302,5.8439,6729.2,285.45
0.30918,1.3275,0.19166,5.8448,6738.7,285.45
0.31877,1.3209,0.19034,5.845,6748.1,285.45
0.32864,1.3142,0.18906,5.8447,6757.6,285.45
0.3386,1.3075,0.18782,5.8438,6767,285.45
0.34884,1.3005,0.1866,5.8422,6776.9,285.45
0.35921,1.2935,0.18542,5.84,6786.7,285.45
0.36976,1.2866,0.18431,5.8372,6796.5,285.45
0.38027,1.2797,0.18325,5.8337,6806.4,285.45
0.39108,1.2726,0.18222,5.8294,6816.7,285.45
0.40188,1.2655,0.18126,5.8244,6827.1,285.45
0.41272,1.2586,0.18038,5.8188,6837.4,285.45
0.42335,1.2518,0.17959,5.8126,6847.8,285.45
0.43411,1.2449,0.17886,5.8053,6858.7,285.45
0.44467,1.2381,0.17824,5.7974,6869.7,285.45
0.45508,1.2316,0.17772,5.7889,6880.7,285.45
0.46505,1.2254,0.17731,5.7798,6891.6,285.45
0.47476,1.2191,0.17702,5.7696,6903.1,285.45
0.48403,1.2133,0.17687,5.7589,6914.7,285.45
0.49294,1.2078,0.17685,5.7477,6926.2,285.45
0.50112,1.2028,0.17698,5.736,6937.7,285.45
0.50852,1.198,0.17727,5.7235,6949.7,285.45
0.51524,1.1938,0.17773,5.7106,6961.6,285.45
0.52137,1.1901,0.17834,5.6974,6973.6,285.45
0.5265,1.187,0.17912,5.684,6985.6,285.45
0.53035,1.1844,0.1801,5.6702,6997.7,285.45
0.53332,1.1825,0.18125,5.6563,7009.9,285.45
0.53553,1.1812,0.18257,5.6424,7022,285.45
0.53655,1.1806,0.18407,5.6286,7034.2,285.45
0.53599,1.1807,0.18574,5.615,7046.3,285.45
0.53445,1.1815,0.18758,5.6016,7058.4,285.45
0.53208,1.183,0.18958,5.5886,7070.5,285.45
0.52844,1.1852,0.19175,5.576,7082.6,285.45
0.52326,1.1881,0.19403,5.5641,7094.4,285.45
0.51711,1.1916,0.19646,5.5528,7106.3,285.45
0.51016,1.1959,0.19903,5.542,7118.1,285.45
0.502,1.2009,0.20173,5.532,7129.9,285.45
0.49253,1.2064,0.20448,5.5229,7141.5,285.45
0.48221,1.2126,0.20733,5.5146,7153,285.45
0.47123,1.2193,0.21027,5.5071,7164.5,285.45
0.45921,1.2267,0.21329,5.5005,7176,285.45
0.4463,1.2345,0.21627,5.495,7187.1,285.45
0.43277,1.2427,0.21929,5.4905,7198.2,285.45
0.41886,1.2514,0.22232,5.4869,7209.3,285.45
0.40422,1.2606,0.22535,5.4843,7220.4,285.45
0.38942,1.2697,0.22821,5.4827,7230.9,285.45
0.37438,1.2791,0.23102,5.4821,7241.4,285.45
0.35937,1.2888,0.23374,5.4825,7252,285.45
0.34407,1.2987,0.23637,5.4838,7262.5,285.45
0.32955,1.3079,0.23869,5.4858,7272.1,285.45
0.31522,1.3173,0.24087,5.4887,7281.7,285.45
0.30135,1.3267,0.24288,5.4924,7291.3,285.45
0.28765,1.336,0.24471,5.4968,7300.9,285.45
0.27534,1.3443,0.2462,5.5015,7309.5,285.45
0.26352,1.3525,0.2475,5.5067,7318.1,285.45
0.25244,1.3606,0.24858,5.5125,7326.7,285.45
0.24182,1.3684,0.24946,5.5189,7335.3,285.45
0.23257,1.3752,0.25008,5.525,7342.9,285.45
0.22394,1.3817,0.2505,5.5315,7350.6,285.45
0.21606,1.3879,0.25073,5.5384,7358.2,285.45
0.20873,1.3939,0.25077,5.5457,7365.9,285.45
0.20237,1.399,0.25066,5.5526,7372.8,285.45
0.19659,1.4039,0.2504,5.5597,7379.7,285.45
0.19146,1.4084,0.24997,5.567,7386.7,285.45
0.18682,1.4126,0.24941,5.5746,7393.6,285.45
0.18273,1.4163,0.24876,5.5819,7400.2,285.45
0.17913,1.4197,0.248,5.5894,7406.8,285.45
0.17607,1.4227,0.24713,5.597,7413.4,285.45
0.17341,1.4255,0.24616,5.6047,7420,285.45
0.17104,1.4279,0.24511,5.6126,7426.7,285.45
0.16909,1.4301,0.24398,5.6205,7433.3,285.45
0.16759,1.4319,0.24278,5.6285,7439.9,285.45
0.16644,1.4334,0.24152,5.6365,7446.6,285.45
0.16551,1.4346,0.24013,5.645,7453.7,285.45
0.16498,1.4355,0.23869,5.6536,7460.7,285.45
0.16485,1.4361,0.23722,5.6621,7467.8,285.45
0.16505,1.4363,0.23572,5.6706,7474.9,285.45
0.16561,1.4362,0.23399,5.6802,7483,285.45
0.16659,1.4357,0.23225,5.6897,7491.1,285.45
0.168,1.4348,0.23051,5.6991,7499.2,285.45
0.16976,1.4336,0.22876,5.7083,7507.3,285.45
0.17223,1.4316,0.2267,5.7191,7517,285.45
0.17523,1.4292,0.22466,5.7297,7526.7,285.45
0.1788,1.4264,0.22263,5.7399,7536.3,285.45
0.18278,1.4232,0.22064,5.7497,7546,285.45
0.18692,1.4197,0.21872,5.7591,7555.6,285.45
0.19157,1.4158,0.21683,5.7681,7565.1,285.45
0.1969,1.4116,0.21496,5.7767,7574.7,285.45
0.20254,1.4071,0.21313,5.7848,7584.2,285.45
0.20733,1.4032,0.21163,5.7914,7592.3,285.45
0.21246,1.399,0.21015,5.7975,7600.4,285.45
0.21801,1.3947,0.20868,5.8034,7608.4,285.45
0.22379,1.3902,0.20724,5.8089,7616.5,285.45
0.22944,1.3857,0.20588,5.8138,7624.2,285.45
0.23536,1.3812,0.20454,5.8184,7632,285.45
0.24156,1.3765,0.20321,5.8227,7639.7,285.45
0.24797,1.3717,0.20191,5.8266,7647.4,285.45
0.25522,1.3662,0.20049,5.8305,7656.1,285.45
0.26276,1.3606,0.19909,5.8339,7664.7,285.45
0.27061,1.3549,0.19771,5.8369,7673.3,285.45
0.27867,1.3491,0.19636,5.8394,7681.9,285.45
0.28736,1.3429,0.19495,5.8416,7691.2,285.45
0.29631,1.3365,0.19357,5.8432,7700.4,285.45
0.30559,1.3301,0.19222,5.8442,7709.7,285.45
0.31501,1.3236,0.19091,5.8447,7718.9,285.45
0.32474,1.3168,0.1896,5.8446,7728.5,285.45
0.33466,1.31,0.18834,5.8439,7738.1,285.45
0.34483,1.3032,0.18711,5.8426,7747.7,285.45
0.35504,1.2964,0.18594,5.8407,7757.3,285.45
0.36554,1.2894,0.18479,5.838,7767.3,285.45
0.37612,1.2823,0.18369,5.8348,7777.4,285.45
0.38683,1.2754,0.18266,5.8308,7787.4,285.45
0.39744,1.2685,0.1817,5.8263,7797.4,285.45
0.40831,1.2614,0.18078,5.8208,7808,285.45
0.41909,1.2544,0.17994,5.8147,7818.6,285.45
0.42984,1.2476,0.17919,5.8079,7829.2,285.45
0.4403,1.241,0.17854,5.8006,7839.8,285.45
0.45076,1.2343,0.17797,5.7921,7851,285.45
0.46092,1.2278,0.17752,5.7831,7862.2,285.45
0.47085,1.2217,0.17718,5.7734,7873.4,285.45
0.48022,1.2158,0.17698,5.7632,7884.6,285.45
0.48914,1.2101,0.17691,5.752,7896.3,285.45
0.49752,1.2049,0.17698,5.7404,7908.1,285.45
0.50544,1.2,0.17721,5.7283,7919.8,285.45
0.51253,1.1957,0.17758,5.7158,7931.5,285.45
0.51862,1.1917,0.17814,5.7026,7943.6,285.45
0.52394,1.1884,0.17887,5.6892,7955.6,285.45
0.5286,1.1856,0.17976,5.6755,7967.7,285.45
0.53217,1.1834,0.18083,5.6618,7979.8,285.45
0.53431,1.1819,0.18209,5.6479,7992,285.45
0.53551,1.181,0.18352,5.6341,8004.1,285.45
0.53592,1.1808,0.18512,5.6204,8016.3,285.45
0.53508,1.1814,0.1869,5.6069,8028.5,285.45
0.53265,1.1826,0.18883,5.5939,8040.5,285.45
0.52925,1.1845,0.19091,5.5813,8052.5,285.45
0.52501,1.1871,0.19315,5.569,8064.5,285.45
0.51951,1.1905,0.19555,5.5573,8076.5,285.45
0.51255,1.1944,0.19804,5.5465,8088.2,285.45
0.50466,1.1991,0.20066,5.5363,8099.9,285.45
0.49602,1.2044,0.20339,5.5268,8111.6,285.45
0.48621,1.2104,0.20625,5.5181,8123.3,285.45
0.47524,1.2169,0.20912,5.5104,8134.7,285.45
0.46349,1.2239,0.21207,5.5035,8146,285.45
0.45118,1.2316,0.21508,5.4976,8157.4,285.45
0.43794,1.2398,0.21815,5.4925,8168.8,285.45
0.42406,1.2481,0.22112,5.4887,8179.7,285.45
0.4097,1.2569,0.2241,5.4857,8190.6,285.45
0.39512,1.2662,0.22705,5.4837,8201.5,285.45
0.37998,1.2758,0.22997,5.4827,8212.4,285.45
0.36505,1.2851,0.23265,5.4827,8222.6,285.45
0.35006,1.2946,0.23524,5.4836,8232.8,285.45
0.33529,1.3043,0.23771,5.4854,8242.9,285.45
0.32043,1.3141,0.24005,5.4882,8253.1,285.45
0.30665,1.3231,0.24205,5.4914,8262.3,285.45
0.2932,1.332,0.24389,5.4953,8271.5,285.45
0.28035,1.3409,0.24553,5.5,8280.8,285.45
0.26782,1.3498,0.24697,5.5054,8290,285.45
0.25672,1.3575,0.2481,5.5107,8298.2,285.45
0.24619,1.365,0.24903,5.5166,8306.4,285.45
0.23643,1.3723,0.24975,5.5229,8314.5,285.45
0.22719,1.3794,0.25026,5.5298,8322.7,285.45
0.21917,1.3855,0.25056,5.5363,8330.1,285.45
0.21177,1.3913,0.25069,5.5431,8337.4,285.45
0.20508,1.3968,0.25062,5.5502,8344.7,285.45
0.19894,1.402,0.25039,5.5576,8352.1,285.45
0.19357,1.4065,0.25005,5.5647,8358.8,285.45
0.18875,1.4108,0.24956,5.5719,8365.6,285.45
0.18453,1.4147,0.24894,5.5794,8372.4,285.45
0.18077,1.4182,0.24819,5.587,8379.1,285.45
0.17743,1.4214,0.24737,5.5945,8385.7,285.45
0.17455,1.4243,0.24645,5.6022,8392.3,285.45
0.17215,1.4268,0.24543,5.6099,8398.9,285.45
0.17015,1.429,0.24434,5.6177,8405.4,285.45
0.16838,1.431,0.24315,5.6258,8412.2,285.45
0.16701,1.4326,0.24189,5.634,8419,285.45
0.16608,1.4339,0.24058,5.6421,8425.8,285.45
0.16547,1.4349,0.23922,5.6503,8432.5,285.45
0.16513,1.4357,0.2377,5.6592,8440,285.45
0.16518,1.436,0.23614,5.6681,8447.4,285.45
0.16563,1.436,0.23456,5.677,8454.8,285.45
0.16642,1.4357,0.23297,5.6857,8462.3,285.45
0.16769,1.4349,0.2311,5.6959,8471,285.45
0.16943,1.4337,0.22922,5.7058,8479.7,285.45
0.17162,1.4321,0.22736,5.7156,8488.4,285.45
0.1742,1.4301,0.22551,5.7252,8497.1,285.45
0.17749,1.4274,0.22341,5.7359,8507.2,285.45
0.18135,1.4242,0.22135,5.7462,8517.2,285.45
0.18588,1.4206,0.2193,5.7562,8527.3,285.45
0.1908,1.4167,0.2173,5.7658,8537.3,285.45
0.19527,1.4128,0.21557,5.7739,8546.2,285.45
0.2002,1.4088,0.21386,5.7816,8555.1,285.45
0.20571,1.4045,0.21217,5.789,8564,285.45
0.21149,1.3999,0.21051,5.7959,8572.9,285.45
0.21652,1.3958,0.20911,5.8016,8580.6,285.45
0.22186,1.3916,0.20773,5.8069,8588.4,285.45
0.22752,1.3872,0.20637,5.812,8596.1,285.45
0.2334,1.3827,0.20503,5.8167,8603.8,285.45
0.23966,1.3779,0.20365,5.8212,8611.8,285.45
0.24619,1.3729,0.20229,5.8254,8619.9,285.45
0.25301,1.3679,0.20095,5.8291,8627.9,285.45
0.26004,1.3627,0.19963,5.8325,8636,285.45
0.26795,1.3568,0.1982,5.8358,8645,285.45
0.27614,1.3509,0.19679,5.8385,8653.9,285.45
0.28466,1.3448,0.19541,5.8408,8662.9,285.45
0.29336,1.3387,0.19406,5.8425,8671.8,285.45
0.30252,1.3322,0.19269,5.8437,8681.2,285.45
0.31192,1.3256,0.19135,5.8444,8690.6,285.45
0.32162,1.319,0.19004,5.8445,8700.1,285.45
0.33143,1.3123,0.18878,5.844,8709.5,285.45
0.3415,1.3054,0.18753,5.8429,8719.2,285.45
0.35173,1.2985,0.18633,5.8412,8729,285.45
0.36216,1.2916,0.18518,5.8388,8738.7,285.45
0.37258,1.2848,0.18409,5.8358,8748.5,285.45
0.38328,1.2777,0.18302,5.832,8758.7,285.45
0.39401,1.2706,0.18202,5.8276,8769,285.45
0.40481,1.2637,0.18109,5.8225,8779.3,285.45
0.41543,1.2569,0.18025,5.8168,8789.5,285.45
0.42622,1.2499,0.17945,5.8101,8800.4,285.45
0.43686,1.2431,0.17876,5.8027,8811.2,285.45
0.44738,1.2365,0.17817,5.7948,8822.1,285.45
0.45751,1.2301,0.17769,5.7862,8832.9,285.45
0.46746,1.2237,0.17731,5.7765,8844.4,285.45
0.47702,1.2177,0.17706,5.7663,8855.8,285.45
0.48625,1.212,0.17695,5.7556,8867.2,285.45
0.49481,1.2067,0.17697,5.7443,8878.7,285.45
0.50269,1.2017,0.17715,5.7322,8890.6,285.45
0.50993,1.1971,0.17749,5.7197,8902.5,285.45
0.51662,1.1931,0.17798,5.7068,8914.4,285.45
0.52236,1.1896,0.17864,5.6936,8926.3,285.45
0.5269,1.1866,0.17949,5.68,8938.4,285.45
0.5306,1.1842,0.18051,5.6662,8950.5,285.45
0.53356,1.1824,0.1817,5.6524,8962.7,285.45
0.53535,1.1814,0.18307,5.6386,8974.8,285.45
0.5357,1.1811,0.18385,5.6315,8981.1,285.45
0.53577,1.181,0.18467,5.6244,8987.4,285.45
0.53555,1.181,0.18554,5.6174,8993.7,285.45
0.53503,1.1813,0.18646,5.6104,9000,285.45
